time,signal
0.0,1.2104743548650136
0.004001600640256103,1.131467159764795
0.008003201280512205,0.8611620444667458
0.012004801920768308,0.4832155458984171
0.01600640256102441,0.24828725525419923
0.020008003201280513,0.18414833906792535
0.024009603841536616,0.0017501955937459096
0.028011204481792718,-0.20275779692838286
0.03201280512204882,-0.1577795320277038
0.03601440576230493,-0.1783404694120545
0.040016006402561026,-0.23380634055200708
0.044017607042817125,-0.2984642716904564
0.04801920768307323,-0.3062583366388405
0.05202080832332934,-0.23538587718379045
0.056022408963585436,-0.282377792635854
0.060024009603841535,-0.24247674794570756
0.06402561024409764,-0.32272983289073087
0.06802721088435375,-0.18029481726583174
0.07202881152460985,-0.04447208790728513
0.07603041216486595,-0.15164872199875118
0.08003201280512205,-0.08659839680955081
0.08403361344537816,0.07076137356982425
0.08803521408563425,0.015062273465910506
0.09203681472589036,0.05461896204479453
0.09603841536614646,-0.02994143550109108
0.10004001600640257,0.0374754723256693
0.10404161664665867,0.16838662152093806
0.10804321728691477,0.014974523765795968
0.11204481792717087,0.0013388301483540782
0.11604641856742698,0.0808178795323599
0.12004801920768307,0.15635839238470745
0.12404961984793918,0.09245669877250856
0.12805122048819528,0.051597115311742055
0.13205282112845138,0.15037574698400735
0.1360544217687075,0.1912975937805296
0.1400560224089636,0.22769625627424034
0.1440576230492197,0.2477870356518547
0.1480592236894758,0.24479579721534528
0.1520608243297319,0.30474248478256094
0.156062424969988,0.3809791256687127
0.1600640256102441,0.1913598345754128
0.1640656262505002,0.22155404013655222
0.16806722689075632,0.29059213115610083
0.1720688275310124,0.43950896216605617
0.1760704281712685,0.33783414507085424
0.18007202881152462,0.3501684505872654
0.1840736294517807,0.26996587821390405
0.18807523009203683,0.422436937311593
0.19207683073229292,0.3720466038457121
0.19607843137254902,0.33025624561874517
0.20008003201280514,0.4658496476471079
0.20408163265306123,0.3764733988086782
0.20808323329331735,0.3497918526333961
0.21208483393357344,0.3653676330554576
0.21608643457382953,0.4946599544435699
0.22008803521408565,0.5040501032385452
0.22408963585434175,0.35966857008672626
0.22809123649459784,0.40331288452222036
0.23209283713485396,0.2903177098954927
0.23609443777511005,0.33699737530758467
0.24009603841536614,0.35725775077481764
0.24409763905562226,0.2749426158581372
0.24809923969587835,0.18593333607059587
0.25210084033613445,0.31062924705747946
0.25610244097639057,0.17718492048268497
0.2601040416166467,0.17342998640179014
0.26410564225690275,0.13203151288480494
0.26810724289715887,0.19269078538711873
0.272108843537415,0.29756949636299745
0.27611044417767105,0.21767022083465817
0.2801120448179272,0.1394064978103713
0.2841136454581833,0.2070929297328159
0.2881152460984394,0.254618371523082
0.2921168467386955,0.09992773375023847
0.2961184473789516,0.1398564098097579
0.3001200480192077,0.22523058356760306
0.3041216486594638,0.1890215464570679
0.3081232492997199,0.19120288864609727
0.312124849939976,0.07332308777781393
0.3161264505802321,0.24865608311820891
0.3201280512204882,0.1553120448213646
0.32412965186074433,0.15783464954471071
0.3281312525010004,0.23366591907281026
0.3321328531412565,0.11678625647026172
0.33613445378151263,0.3019886334064516
0.3401360544217687,0.25471927556344975
0.3441376550620248,0.1196139736338315
0.34813925570228094,0.08764271804094473
0.352140856342537,0.28049505342940473
0.3561424569827931,0.2669617781702812
0.36014405762304924,0.10874130642226976
0.36414565826330536,0.11326730914234623
0.3681472589035614,0.14025960995526274
0.37214885954381755,0.21454302637742914
0.37615046018407367,0.24866411913043945
0.38015206082432973,0.07742628988151623
0.38415366146458585,0.25592258027459747
0.38815526210484197,0.23671503659636506
0.39215686274509803,0.1615277157542888
0.39615846338535415,0.1178033558770771
0.4001600640256103,0.1471884215411214
0.40416166466586634,0.12549888500411086
0.40816326530612246,0.20093297901482748
0.4121648659463786,0.08338264443604576
0.4161664665866347,0.09083674447139034
0.42016806722689076,0.2425814585944055
0.4241696678671469,0.16570566794638722
0.428171268507403,0.16257574464696511
0.43217286914765907,0.2250711100678056
0.4361744697879152,0.23566427036693438
0.4401760704281713,0.34024237192146467
0.44417767106842737,0.21580304048575427
0.4481792717086835,0.11785023662539788
0.4521808723489396,0.27293272437861626
0.4561824729891957,0.2984627124345264
0.4601840736294518,0.11739686476960325
0.4641856742697079,0.20658254524168881
0.468187274909964,0.24536086303419005
0.4721888755502201,0.3051108625000993
0.4761904761904762,0.27181310123577973
0.4801920768307323,0.12126288417221151
0.4841936774709884,0.24284301661438043
0.4881952781112445,0.2264859301212123
0.49219687875150064,0.2598284318559197
0.4961984793917567,0.13299817367823738
0.5002000800320128,0.2476571022930947
0.5042016806722689,0.29383696774556933
0.508203281312525,0.23459449471960786
0.5122048819527811,0.24116367041550768
0.5162064825930373,0.23899777018850404
0.5202080832332934,0.28094437347679324
0.5242096838735495,0.3046037640744068
0.5282112845138055,0.157746192038183
0.5322128851540616,0.20941327702648754
0.5362144857943177,0.3255840773882083
0.5402160864345739,0.28279873351205725
0.54421768707483,0.16962084594960206
0.5482192877150861,0.15962980613084748
0.5522208883553421,0.3307529089920696
0.5562224889955982,0.24324792156606978
0.5602240896358543,0.21411002337378893
0.5642256902761105,0.19698053723586087
0.5682272909163666,0.23758366850443396
0.5722288915566227,0.3101826783345513
0.5762304921968788,0.2566495687235814
0.5802320928371348,0.2651508195743131
0.584233693477391,0.33936675665554183
0.5882352941176471,0.27864176807341945
0.5922368947579032,0.3646811834400649
0.5962384953981593,0.15959137293732306
0.6002400960384154,0.29377259835406455
0.6042416966786714,0.2943284252372829
0.6082432973189276,0.2664599650306853
0.6122448979591837,0.13743772552569203
0.6162464985994398,0.27338981442868815
0.6202480992396959,0.33056725223848354
0.624249699879952,0.2728556001589743
0.6282513005202081,0.26977785583586184
0.6322529011604642,0.20131592008710691
0.6362545018007203,0.29431478739660527
0.6402561024409764,0.2860956900331352
0.6442577030812325,0.33398079700886657
0.6482593037214887,0.24951998065725473
0.6522609043617448,0.27374934366567394
0.6562625050020008,0.29039589380212705
0.6602641056422569,0.3096222042732771
0.664265706282513,0.2279339956085052
0.6682673069227691,0.3084635502166623
0.6722689075630253,0.34525568677684293
0.6762705082032814,0.2530978218515593
0.6802721088435374,0.2032671336475324
0.6842737094837935,0.24657928578319133
0.6882753101240496,0.30638270606862794
0.6922769107643058,0.19688028399530358
0.6962785114045619,0.34319795251326574
0.700280112044818,0.30723186723866025
0.704281712685074,0.3088508379283244
0.7082833133253301,0.3010511167426022
0.7122849139655862,0.2449790683651148
0.7162865146058424,0.37540160785955873
0.7202881152460985,0.3956939985588068
0.7242897158863546,0.2728982330046679
0.7282913165266107,0.17732390244739052
0.7322929171668667,0.3145226053261129
0.7362945178071229,0.38502212509205225
0.740296118447379,0.33511697667323737
0.7442977190876351,0.31219893703497364
0.7482993197278912,0.2579225262229694
0.7523009203681473,0.4025498826898648
0.7563025210084033,0.395936898110932
0.7603041216486595,0.2812814022201472
0.7643057222889156,0.3212739343736422
0.7683073229291717,0.3601046277218195
0.7723089235694278,0.3688824183111252
0.7763105242096839,0.27008695700434776
0.7803121248499401,0.22654573372561929
0.7843137254901961,0.3867362019204787
0.7883153261304522,0.43621355385431565
0.7923169267707083,0.27391585762748977
0.7963185274109644,0.2458995117894461
0.8003201280512205,0.3325824670057342
0.8043217286914767,0.4323961606614686
0.8083233293317327,0.35942822460241136
0.8123249299719888,0.5588469395300395
0.8163265306122449,0.6575408928301592
0.820328131252501,0.9340774350898191
0.8243297318927572,1.2686826183440214
0.8283313325330133,1.3263923412357368
0.8323329331732694,1.5409932987683412
0.8363345338135254,1.392175393825129
0.8403361344537815,1.143964034989044
0.8443377350940376,0.8162812398937015
0.8483393357342938,0.558668493211274
0.8523409363745499,0.4297823820110859
0.856342537014806,0.23811688529014766
0.860344137655062,0.08734530768294245
0.8643457382953181,0.06765790263664713
0.8683473389355743,0.13906677984007906
0.8723489395758304,0.1267083135393939
0.8763505402160865,0.037157806707875496
0.8803521408563426,-0.06248773876113471
0.8843537414965986,0.004963702224983149
0.8883553421368547,0.13458797236736902
0.8923569427771109,0.027340063414880728
0.896358543417367,-0.05877366592407739
0.9003601440576231,0.14645313604029483
0.9043617446978792,0.18001246491641132
0.9083633453381353,0.2665432755586429
0.9123649459783914,0.1587985660069507
0.9163665466186475,0.227361784769181
0.9203681472589036,0.29785762604484034
0.9243697478991597,0.3152641081240902
0.9283713485394158,0.2584301880927007
0.932372949179672,0.22378502353528837
0.936374549819928,0.403242923398174
0.9403761504601841,0.4285234638042266
0.9443777511004402,0.2195260547819037
0.9483793517406963,0.2109143376229784
0.9523809523809524,0.3185551491265193
0.9563825530212086,0.42033045127493834
0.9603841536614646,0.4471690881091957
0.9643857543017207,0.46549327692243314
0.9683873549419768,0.39234607057516263
0.9723889555822329,0.4640730270072908
0.976390556222489,0.42337147575083056
0.9803921568627452,0.35460516548885085
0.9843937575030013,0.4942500650610822
0.9883953581432573,0.59033957840933
0.9923969587835134,0.47294882727397103
0.9963985594237695,0.4857966484341236
1.0004001600640255,0.5439740719276781
1.0044017607042817,0.5377410187905882
1.0084033613445378,0.5621670959291405
1.012404961984794,0.519928036558963
1.01640656262505,0.5308739166917928
1.0204081632653061,0.6804724317220128
1.0244097639055623,0.6302293247790102
1.0284113645458184,0.5590615957270899
1.0324129651860745,0.6186388300111302
1.0364145658263306,0.5678752549305077
1.0404161664665867,0.49858870801223476
1.0444177671068429,0.46041690848308436
1.048419367747099,0.4887242801249514
1.0524209683873549,0.5956754781687904
1.056422569027611,0.5301340821492478
1.0604241696678671,0.4610633330093719
1.0644257703081232,0.4179634328913637
1.0684273709483794,0.44002483369189177
1.0724289715886355,0.4801696507220182
1.0764305722288916,0.5210219303055952
1.0804321728691477,0.40201499408687946
1.0844337735094038,0.46476016494509165
1.08843537414966,0.32706288437917086
1.092436974789916,0.3590179139468766
1.0964385754301722,0.30840742829879747
1.1004401760704283,0.38711371499243474
1.1044417767106842,0.3220529301577112
1.1084433773509403,0.34177020555191356
1.1124449779911965,0.2662689697703038
1.1164465786314526,0.2799571844717038
1.1204481792717087,0.368179984677315
1.1244497799119648,0.3485707255513386
1.128451380552221,0.15185555904161022
1.132452981192477,0.2825274926302709
1.1364545818327332,0.2820394705518523
1.1404561824729893,0.2625527816856813
1.1444577831132454,0.19492420482165854
1.1484593837535015,0.14956721585269722
1.1524609843937577,0.33591804147934506
1.1564625850340136,0.2326852242616209
1.1604641856742697,0.13718446757797367
1.1644657863145258,0.19628190340975266
1.168467386954782,0.3140907565871201
1.172468987595038,0.19812012710543558
1.1764705882352942,0.2526309103807595
1.1804721888755503,0.22907754307269979
1.1844737895158064,0.2963842593305183
1.1884753901560625,0.2889478299071235
1.1924769907963186,0.2526443007196848
1.1964785914365748,0.23284448238208566
1.2004801920768309,0.19953882151165342
1.2044817927170868,0.2478005353261224
1.208483393357343,0.20003773295385707
1.212484993997599,0.12958313090339213
1.2164865946378551,0.24201138339693032
1.2204881952781113,0.23027800057370182
1.2244897959183674,0.2988619684515829
1.2284913965586235,0.12218140643408948
1.2324929971988796,0.21318866218025348
1.2364945978391357,0.22964307597580663
1.2404961984793919,0.19056722476682844
1.244497799119648,0.1538134107491877
1.248499399759904,0.2671253244615413
1.2525010004001602,0.22683327100390474
1.2565026010404161,0.2778028857636289
1.2605042016806722,0.23756751127061052
1.2645058023209284,0.24306755047527773
1.2685074029611845,0.3482287247848953
1.2725090036014406,0.25071396028258774
1.2765106042416967,0.17115077298086182
1.2805122048819528,0.1840791103299119
1.284513805522209,0.2056238845828898
1.288515406162465,0.2568254786390351
1.2925170068027212,0.2060753048099601
1.2965186074429773,0.14702195122171155
1.3005202080832334,0.15215784623282175
1.3045218087234896,0.2574057962477443
1.3085234093637454,0.14270231649896012
1.3125250100040016,0.11173398761731168
1.3165266106442577,0.04814743915716634
1.3205282112845138,0.22219977809300656
1.32452981192477,0.10713168378415479
1.328531412565026,0.030421555979440802
1.3325330132052822,0.17792906946626438
1.3365346138455383,0.22978026254644376
1.3405362144857944,0.21300475998914098
1.3445378151260505,0.11249018121914728
1.3485394157663066,0.2078766470606578
1.3525410164065628,0.17318820049684597
1.3565426170468189,0.21224841306961728
1.3605442176870748,0.09100728856782003
1.364545818327331,0.051381762129586075
1.368547418967587,0.24424882850799434
1.3725490196078431,0.20298695133221176
1.3765506202480993,0.1830314132937331
1.3805522208883554,0.08432771620955656
1.3845538215286115,0.206342765437741
1.3885554221688676,0.19072920468394763
1.3925570228091237,0.08740657326309373
1.3965586234493799,0.07428390553987912
1.400560224089636,0.19819075820874707
1.404561824729892,0.21358223044685093
1.408563425370148,0.11210483340587674
1.4125650260104041,0.05972488143428135
1.4165666266506602,0.061639497374761015
1.4205682272909164,0.17897577385685146
1.4245698279311725,0.1382628408462596
1.4285714285714286,0.1610718627650557
1.4325730292116847,0.07183115567012072
1.4365746298519408,0.16280222786225562
1.440576230492197,0.1779062512173628
1.444577831132453,0.0872311205375573
1.4485794317727092,0.05581133578574757
1.4525810324129653,0.1282461357050737
1.4565826330532214,0.13860906312335777
1.4605842336934773,0.08407385075932633
1.4645858343337335,0.13887361138446555
1.4685874349739896,0.11855663747592339
1.4725890356142457,0.25598089513405275
1.4765906362545018,0.07653517922386618
1.480592236894758,0.14915903305267736
1.484593837535014,0.08592983943308992
1.4885954381752702,0.16846375529682678
1.4925970388155263,0.04388818009484407
1.4965986394557824,0.02648157425857186
1.5006002400960385,0.04956864236218833
1.5046018407362947,0.1565165655748722
1.5086034413765508,0.1215823606366826
1.5126050420168067,0.06292340535588414
1.5166066426570628,0.1624534516040386
1.520608243297319,0.06692357627362139
1.524609843937575,0.0620551437131882
1.5286114445778312,0.045661748458317185
1.5326130452180873,0.09467752140523938
1.5366146458583434,0.1364280308760627
1.5406162464985995,0.12075407054901431
1.5446178471388556,0.095913496335438
1.5486194477791118,0.04456269527902507
1.5526210484193679,-0.04032594243561841
1.556622649059624,0.14345282680349636
1.5606242496998801,0.09076842268624943
1.564625850340136,0.03660412948422291
1.5686274509803921,0.04532165935522287
1.5726290516206483,0.170799227642139
1.5766306522609044,0.04461445133548667
1.5806322529011605,0.018182636901462074
1.5846338535414166,0.055550252503428064
1.5886354541816727,0.09169682786521313
1.5926370548219289,0.031544746310496426
1.596638655462185,-0.005071982516303884
1.600640256102441,-0.007199086305731221
1.6046418567426972,0.13119012939909955
1.6086434573829533,0.09033277635177411
1.6126450580232095,-0.03053316786533685
1.6166466586634654,0.08059907531584559
1.6206482593037215,0.07649488062837125
1.6246498599439776,0.06753894337895949
1.6286514605842337,-0.10091130522220809
1.6326530612244898,-0.011270463633696222
1.636654661864746,0.1189574652080092
1.640656262505002,0.13606120178141803
1.6446578631452582,0.18964736145784963
1.6486594637855143,0.288002515675005
1.6526610644257704,0.6788545559588833
1.6566626650660266,0.9836971156253579
1.6606642657062827,0.9804986245134695
1.6646658663465388,1.136855788193285
1.6686674669867947,1.1993598568623707
1.6726690676270508,0.8653961971461864
1.676670668267307,0.5493942824481742
1.680672268907563,0.1816596686871876
1.6846738695478192,0.07117822297201322
1.6886754701880753,0.07209890149635509
1.6926770708283314,-0.16644470001724956
1.6966786714685875,-0.25021983057499747
1.7006802721088436,-0.2862379722692793
1.7046818727490998,-0.20494638158057085
1.708683473389356,-0.365360882334865
1.712685074029612,-0.3165059369781413
1.716686674669868,-0.4434977543023422
1.720688275310124,-0.33861161002658136
1.7246898759503801,-0.29361840823208596
1.7286914765906363,-0.4050600383089543
1.7326930772308924,-0.22731016475801166
1.7366946778711485,-0.19176329934674574
1.7406962785114046,-0.06743774119762491
1.7446978791516607,-0.007487319206349624
1.7486994797919169,-0.1349558246372214
1.752701080432173,-0.1128492824892839
1.756702681072429,-0.028823791730328764
1.7607042817126852,-0.11353357822505453
1.7647058823529413,-0.1247679248557667
1.7687074829931972,0.0335415597876236
1.7727090836334534,-0.08091784984556422
1.7767106842737095,0.07797451913156263
1.7807122849139656,-0.13064373542692936
1.7847138855542217,-0.05564871196186491
1.7887154861944778,0.013585173597388589
1.792717086834734,-0.07922261332544439
1.79671868747499,-0.04149254082016875
1.8007202881152462,0.03774387037865632
1.8047218887555023,0.1053513820572113
1.8087234893957584,0.06602008740891653
1.8127250900360146,0.03696861509704527
1.8167266906762707,0.11738148241618357
1.8207282913165266,0.16598932595549928
1.8247298919567827,0.0991401847699206
1.8287314925970388,0.020529543429459597
1.832733093237295,0.15368804939412734
1.836734693877551,0.1256770485378435
1.8407362945178072,0.2228375359851111
1.8447378951580633,0.11534098500413906
1.8487394957983194,0.13288622374036965
1.8527410964385755,0.24810338281446745
1.8567426970788317,0.3225091421964289
1.8607442977190878,0.12629417980624325
1.864745898359344,0.21709692024140115
1.8687474989996,0.18676535731272764
1.872749099639856,0.24455091810182328
1.876750700280112,0.24539543973622754
1.8807523009203682,0.031514899852361784
1.8847539015606243,0.05257986919004281
1.8887555022008804,0.26158615735387686
1.8927571028411365,0.099836599651216
1.8967587034813926,0.01058581920295118
1.9007603041216488,0.05143178987987414
1.9047619047619049,0.09224100782268588
1.908763505402161,0.07467658485172628
1.9127651060424171,0.02648315415994893
1.9167667066826732,0.04454742921555343
1.9207683073229291,-0.013817210551849646
1.9247699079631853,-0.03861473297081434
1.9287715086034414,-0.0737040738254075
1.9327731092436975,-0.11128518602107526
1.9367747098839536,-0.045868158192271864
1.9407763105242097,-0.09760591301983584
1.9447779111644659,-0.13269352286709366
1.948779511804722,-0.23041043859110605
1.952781112444978,-0.07861877960669972
1.9567827130852342,-0.08596231589991342
1.9607843137254903,-0.22710135122500483
1.9647859143657465,-0.1272968799700798
1.9687875150060026,-0.11107361118160922
1.9727891156462585,-0.12302751795666256
1.9767907162865146,-0.24359728693204982
1.9807923169267707,-0.23438656453983378
1.9847939175670268,-0.1613437963538754
1.988795518207283,-0.12125992252240378
1.992797118847539,-0.2635730540459756
1.9967987194877952,-0.16233317725998075
2.000800320128051,-0.18222395601591101
2.0048019207683074,-0.05424886093956371
2.0088035214085633,-0.14292002357885755
2.0128051220488197,-0.2292882264581948
2.0168067226890756,-0.09063566505029459
2.020808323329332,-0.0829882898516095
2.024809923969588,-0.13821740575805086
2.028811524609844,-0.26172740634647906
2.0328131252501,-0.2585024759170743
2.0368147258903564,-0.19454112555297337
2.0408163265306123,-0.12117899005200833
2.0448179271708686,-0.19274274752986964
2.0488195278111245,-0.170567762134099
2.0528211284513804,-0.16291958260200637
2.0568227290916368,-0.18600971925944215
2.0608243297318927,-0.23827376993807955
2.064825930372149,-0.3035294044544327
2.068827531012405,-0.1693964396201879
2.0728291316526612,-0.15208122702563784
2.076830732292917,-0.24256919987976638
2.0808323329331735,-0.2447720586261399
2.0848339335734294,-0.22016001178992936
2.0888355342136857,-0.2001483956887368
2.0928371348539416,-0.20424644238365486
2.096838735494198,-0.3294853951541824
2.100840336134454,-0.17860433362650274
2.1048419367747098,-0.1564976477617312
2.108843537414966,-0.2553946281718108
2.112845138055222,-0.27327496237490734
2.1168467386954783,-0.27461956846994984
2.1208483393357342,-0.21763377813346838
2.1248499399759906,-0.19374601070785658
2.1288515406162465,-0.34967206926922306
2.132853141256503,-0.2818472399963835
2.1368547418967587,-0.26503471972786297
2.140856342537015,-0.28288448739149774
2.144857943177271,-0.24196029838302607
2.1488595438175273,-0.31443621461636173
2.152861144457783,-0.13719328869942093
2.156862745098039,-0.1310227665769756
2.1608643457382954,-0.31155949683241574
2.1648659463785513,-0.26798815622200495
2.1688675470188077,-0.27006949512430833
2.1728691476590636,-0.19541129289684533
2.17687074829932,-0.2673228570217945
2.180872348939576,-0.24348995818791494
2.184873949579832,-0.2926062111761826
2.188875550220088,-0.26478923844920976
2.1928771508603444,-0.33452417349888014
2.1968787515006003,-0.3570795195214054
2.2008803521408566,-0.2986334730957998
2.2048819527811125,-0.20197947783891448
2.2088835534213684,-0.2937249063873301
2.212885154061625,-0.3042075534319291
2.2168867547018807,-0.26156000530313633
2.220888355342137,-0.15130434058108627
2.224889955982393,-0.17016065885203774
2.2288915566226493,-0.2800163165399262
2.232893157262905,-0.22068286227138878
2.2368947579031615,-0.20677266999283
2.2408963585434174,-0.219858407946826
2.2448979591836737,-0.26246605249650795
2.2488995598239296,-0.33346887496046496
2.252901160464186,-0.2430188396751563
2.256902761104442,-0.2649236267422252
2.2609043617446978,-0.22902579120790506
2.264905962384954,-0.280899436806918
2.26890756302521,-0.2374685336084803
2.2729091636654664,-0.26816070960217164
2.2769107643057223,-0.3222765664778318
2.2809123649459786,-0.3967942588105944
2.2849139655862345,-0.2471489499256516
2.288915566226491,-0.19621144214016328
2.2929171668667467,-0.28715345635999506
2.296918767507003,-0.35961700052812107
2.300920368147259,-0.3897474226198104
2.3049219687875153,-0.1877507699580197
2.308923569427771,-0.2641091925564884
2.312925170068027,-0.34795111173497134
2.3169267707082835,-0.23138503169294727
2.3209283713485394,-0.23722317177108115
2.3249299719887957,-0.26227012357413315
2.3289315726290516,-0.2993095507988022
2.332933173269308,-0.2681223281689743
2.336934773909564,-0.32125785709341825
2.34093637454982,-0.25752212231396115
2.344937975190076,-0.27352607624351377
2.3489395758303324,-0.36863317119013
2.3529411764705883,-0.241315449209477
2.356942777110844,-0.3421693923234085
2.3609443777511006,-0.32624982988079515
2.3649459783913565,-0.25809099784675416
2.368947579031613,-0.2933945960663832
2.3729491796718687,-0.222076854315783
2.376950780312125,-0.3175985921763049
2.380952380952381,-0.36023375103583755
2.3849539815926373,-0.21529907219537292
2.388955582232893,-0.297062793110944
2.3929571828731495,-0.25489716212918784
2.3969587835134054,-0.2758659046756128
2.4009603841536618,-0.3105373438378597
2.4049619847939177,-0.2509662492666656
2.4089635854341735,-0.33209503913553107
2.41296518607443,-0.37014062134028464
2.416966786714686,-0.2926420878949469
2.420968387354942,-0.30146300450383157
2.424969987995198,-0.2868614460949088
2.4289715886354544,-0.2993267590645591
2.4329731892757103,-0.30580399739739805
2.4369747899159666,-0.3659463983797879
2.4409763905562225,-0.27255004221254614
2.444977991196479,-0.3728921201650808
2.4489795918367347,-0.2782770061568955
2.452981192476991,-0.28331398864860696
2.456982793117247,-0.2971190109434299
2.460984393757503,-0.3079110778678696
2.4649859943977592,-0.3028134867344517
2.468987595038015,-0.26607914402529015
2.4729891956782715,-0.2041161807969368
2.4769907963185274,-0.12997731146551636
2.4809923969587837,-0.029527250056305576
2.4849939975990396,0.37799887949136146
2.488995598239296,0.624190534772485
2.492997198879552,0.7695319562324696
2.496998799519808,0.804808452523341
2.501000400160064,0.8778347561320602
2.5050020008003204,0.49365208648592424
2.5090036014405763,0.28503420060315404
2.5130052020808322,-0.07873386657705188
2.5170068027210886,-0.2578781177156566
2.5210084033613445,-0.44903271245544657
2.525010004001601,-0.4659144616821261
2.5290116046418567,-0.5260437131723239
2.533013205282113,-0.577019730117499
2.537014805922369,-0.4714758106528733
2.5410164065626253,-0.5650677721037938
2.545018007202881,-0.6080694986066358
2.5490196078431375,-0.5906080157390141
2.5530212084833934,-0.5139884512647032
2.5570228091236498,-0.5445006429506314
2.5610244097639057,-0.49032792138597586
2.5650260104041616,-0.5458931220518292
2.569027611044418,-0.41930111588279434
2.573029211684674,-0.37201256709600683
2.57703081232493,-0.2940447501929407
2.581032412965186,-0.37401048278106386
2.5850340136054424,-0.30789002909803037
2.5890356142456983,-0.3190962748609587
2.5930372148859546,-0.3558383649695898
2.5970388155262105,-0.3252994675064421
2.601040416166467,-0.28297101250960294
2.6050420168067228,-0.21914674871619644
2.609043617446979,-0.19099205437388805
2.613045218087235,-0.4350097694770205
2.617046818727491,-0.2226393976575312
2.6210484193677472,-0.10672642886675204
2.625050020008003,-0.3004068782425073
2.6290516206482595,-0.24629059511496482
2.6330532212885154,-0.2954341452500474
2.6370548219287717,-0.2307358725666069
2.6410564225690276,-0.14102874777761265
2.645058023209284,-0.16112013028931063
2.64905962384954,-0.21604592680626497
2.653061224489796,-0.08187015655969301
2.657062825130052,-0.0700812201651036
2.6610644257703084,-0.08613726679881951
2.6650660264105643,-0.13714035923749093
2.6690676270508202,0.019554239777117115
2.6730692276910766,0.07499818742923982
2.6770708283313325,-0.06839321520567178
2.681072428971589,-0.06810281208385038
2.6850740296118447,0.06059957146555785
2.689075630252101,0.15005498134927667
2.693077230892357,0.016359836044144285
2.6970788315326133,-0.036658593820895015
2.701080432172869,-0.000896444914570295
2.7050820328131255,-0.005030115678676617
2.7090836334533814,0.07708319644959362
2.7130852340936378,-0.05943511360168666
2.7170868347338937,0.0047972735715540865
2.7210884353741496,-0.009043870424441824
2.725090036014406,-0.04044866736379425
2.729091636654662,-0.1066042376643643
2.733093237294918,-0.028680163018759346
2.737094837935174,-0.09377251785862245
2.7410964385754304,-0.0449542119167282
2.7450980392156863,-0.18320375500457037
2.7490996398559426,-0.09882453611037847
2.7531012404961985,-0.1047552165181524
2.757102841136455,-0.09805637387829103
2.7611044417767108,-0.18969509346272131
2.765106042416967,-0.23633091964687394
2.769107643057223,-0.1903967340033834
2.773109243697479,-0.07690122264410393
2.7771108443377353,-0.16702732084489585
2.781112444977991,-0.2638240465934428
2.7851140456182475,-0.19225499907683574
2.7891156462585034,-0.22378166950859166
2.7931172468987597,-0.20663810635200747
2.7971188475390156,-0.23354753004675702
2.801120448179272,-0.21395408227970303
2.805122048819528,-0.11868401844543662
2.809123649459784,-0.2008556903439382
2.81312525010004,-0.24977936059608608
2.817126850740296,-0.33084941759704095
2.8211284513805523,-0.1520079197508499
2.8251300520208082,-0.13752855112532036
2.8291316526610646,-0.27799567156804117
2.8331332533013205,-0.31756606693924233
2.837134853941577,-0.17933952818468132
2.8411364545818327,-0.21432459635307985
2.845138055222089,-0.24820904297862506
2.849139655862345,-0.3166046180046916
2.8531412565026013,-0.17809542833378464
2.857142857142857,-0.2443811579315446
2.8611444577831135,-0.16845637914156217
2.8651460584233694,-0.2943267945348337
2.8691476590636253,-0.2297475239165799
2.8731492597038817,-0.12432651205950768
2.8771508603441376,-0.27041482329384653
2.881152460984394,-0.3374131673953594
2.88515406162465,-0.18486973741016444
2.889155662264906,-0.11632696717313135
2.893157262905162,-0.2549156389237266
2.8971588635454184,-0.2473666967163734
2.9011604641856743,-0.17528646894515185
2.9051620648259306,-0.1276520769404727
2.9091636654661865,-0.20262712395184
2.913165266106443,-0.17618013614129413
2.917166866746699,-0.20538229447830456
2.9211684673869547,-0.1458260955484108
2.925170068027211,-0.22353316195530692
2.929171668667467,-0.20384395101833255
2.9331732693077233,-0.19891014871885937
2.937174869947979,-0.160900723509067
2.9411764705882355,-0.21447663610615642
2.9451780712284914,-0.24914853365434064
2.9491796718687477,-0.3105545765096438
2.9531812725090036,-0.1558047967444367
2.95718287314926,-0.17511230259727714
2.961184473789516,-0.20085880008785667
2.9651860744297722,-0.2614868209814032
2.969187675070028,-0.16883921225687112
2.973189275710284,-0.0581626625278277
2.9771908763505404,-0.2143893114362973
2.9811924769907963,-0.21330694942628584
2.9851940776310526,-0.235043348964099
2.9891956782713085,-0.16358582290514645
2.993197278911565,-0.17127335177636294
2.9971988795518207,-0.21726484061269918
3.001200480192077,-0.20263691480098742
3.005202080832333,-0.17722605658949778
3.0092036814725893,-0.13653912242278038
3.013205282112845,-0.23225184143072025
3.0172068827531016,-0.149752227087044
3.0212084833933575,-0.12292292885239345
3.0252100840336134,-0.10294207454301231
3.0292116846738697,-0.21503012889501566
3.0332132853141256,-0.1524086175208995
3.037214885954382,-0.18672558274829623
3.041216486594638,-0.1654296690307169
3.045218087234894,-0.23116590854416239
3.04921968787515,-0.24618467540105032
3.0532212885154064,-0.15144805597419933
3.0572228891556623,-0.1357232159014246
3.0612244897959187,-0.14272953238652156
3.0652260904361746,-0.13121774076873496
3.069227691076431,-0.10395137406457007
3.073229291716687,-0.08383321645282668
3.0772308923569427,-0.28826854784425676
3.081232492997199,-0.20230794844802993
3.085234093637455,-0.13450841353447507
3.0892356942777113,-0.0464381837361799
3.093237294917967,-0.12599938849719206
3.0972388955582235,-0.24617923739927464
3.1012404961984794,-0.22584858255895518
3.1052420968387358,-0.103178008143885
3.1092436974789917,-0.08226689921500738
3.113245298119248,-0.16510498351698522
3.117246898759504,-0.08143777834678109
3.1212484993997602,-0.07918172430204466
3.125250100040016,-0.19236740973884714
3.129251700680272,-0.19046292105061355
3.1332533013205284,-0.19115106845791735
3.1372549019607843,-0.013312713064475429
3.1412565026010406,-0.10301979810901857
3.1452581032412965,-0.08449976260527223
3.149259703881553,-0.20411044684202456
3.1532613045218087,-0.033471767269060794
3.157262905162065,-0.031171398489323307
3.161264505802321,-0.17298480184219325
3.1652661064425773,-0.0919664237998046
3.1692677070828332,-0.14554153692482694
3.1732693077230896,-0.031482215005609854
3.1772709083633455,-0.12084013640959165
3.1812725090036014,-0.1507584316852893
3.1852741096438577,-0.07490743430976463
3.1892757102841136,-0.040621051556928946
3.19327731092437,-0.10534116992201167
3.197278911564626,-0.10753828237030597
3.201280512204882,-0.09900220198267785
3.205282112845138,-0.03657068850480483
3.2092837134853944,-0.08309652018809724
3.2132853141256503,-0.0969851772549131
3.2172869147659067,-0.008397113020949696
3.2212885154061626,-0.12123325636779651
3.225290116046419,-0.03876748357869653
3.229291716686675,-0.20050027619161723
3.2332933173269307,-0.057084378353887175
3.237294917967187,-0.005478371467413978
3.241296518607443,-0.027362104100973027
3.2452981192476993,-0.10342992040201773
3.249299719887955,-0.17170089632741384
3.2533013205282115,0.00170859758750639
3.2573029211684674,-0.03878065164642401
3.2613045218087238,-0.0278670423269531
3.2653061224489797,-0.017298084087138246
3.269307723089236,0.0652411973948151
3.273309323729492,0.011290978544546804
3.2773109243697482,-0.04228203273513936
3.281312525010004,-0.020174616268252104
3.28531412565026,-0.17915261778104993
3.2893157262905164,0.023058318831429583
3.2933173269307723,0.013012107805559246
3.2973189275710286,-0.061218020523191675
3.3013205282112845,0.06306240805046326
3.305322128851541,0.10125319971138075
3.3093237294917968,0.24718783867018845
3.313325330132053,0.3261893162328792
3.317326930772309,0.5220487613718424
3.3213285314125653,0.8607581304888849
3.3253301320528212,1.0690373354152598
3.3293317326930776,1.0677577387039663
3.3333333333333335,0.9956040407929769
3.3373349339735894,0.9053472779888954
3.3413365346138457,0.5759568629789134
3.3453381352541016,0.2730227760641417
3.349339735894358,0.019027328477256363
3.353341336534614,-0.06309354310550672
3.35734293717487,-0.10798213151566616
3.361344537815126,-0.21552477983297974
3.3653461384553824,-0.23363041428547052
3.3693477390956383,-0.17850543830255666
3.3733493397358947,-0.19553475403492612
3.3773509403761506,-0.29864911953277773
3.3813525410164065,-0.3630406902550435
3.385354141656663,-0.19362248593545506
3.3893557422969187,-0.20818604807930657
3.393357342937175,-0.17755597717214933
3.397358943577431,-0.18595812957428157
3.4013605442176873,-0.08670051197624845
3.405362144857943,-0.004924075781100996
3.4093637454981995,-0.0050247228902276266
3.4133653461384554,-0.0894770342015922
3.417366946778712,-0.004187207591439434
3.4213685474189677,0.10250768365015506
3.425370148059224,0.12082885905127438
3.42937174869948,0.07951351173481958
3.433373349339736,0.13836447383704736
3.437374949979992,0.09577657696517869
3.441376550620248,0.09193618074424853
3.4453781512605044,0.07577025217880597
3.4493797519007603,0.062320317861361677
3.4533813525410166,0.10400973359511848
3.4573829531812725,0.12197834383547512
3.461384553821529,0.00022552317193515886
3.4653861544617848,0.03829629766924747
3.469387755102041,0.2010715910971967
3.473389355742297,0.2114952307295187
3.4773909563825534,0.17179428343551623
3.4813925570228093,0.09503215944235038
3.485394157663065,0.21977163502111408
3.4893957583033215,0.37026615457111633
3.4933973589435774,0.33568347627849915
3.4973989595838337,0.2533065504869245
3.5014005602240896,0.3480811820786883
3.505402160864346,0.43905524790310946
3.509403761504602,0.4604248666789637
3.513405362144858,0.3166004218412242
3.517406962785114,0.32049370410464223
3.5214085634253705,0.4345415374216425
3.5254101640656264,0.37663911177250314
3.5294117647058827,0.37473743124083697
3.5334133653461386,0.39246234066426317
3.5374149659863945,0.5428557366742428
3.541416566626651,0.34652833413657813
3.5454181672669067,0.40275278331532394
3.549419767907163,0.33961447641761505
3.553421368547419,0.4502342113604527
3.5574229691876753,0.5043829981892438
3.561424569827931,0.3438302604603862
3.5654261704681876,0.34529588617489404
3.5694277711084434,0.3291204873326642
3.5734293717487,0.40162672657385434
3.5774309723889557,0.2122792451521001
3.581432573029212,0.26025179713708957
3.585434173669468,0.3260209902223498
3.589435774309724,0.2506306109724298
3.59343737494998,0.23442197281222163
3.597438975590236,0.18040883204469974
3.6014405762304924,0.21040519694401558
3.6054421768707483,0.3117433073195612
3.6094437775110046,0.2985374624083324
3.6134453781512605,0.193645265919417
3.617446978791517,0.1896295070929303
3.621448579431773,0.20882585958254207
3.625450180072029,0.10019434670994938
3.629451780712285,0.2511770243794345
3.6334533813525414,0.1582701816719469
3.6374549819927973,0.24756082217001435
3.641456582633053,0.24180643856148867
3.6454581832733095,0.1031622324468714
3.6494597839135654,0.08910761665427103
3.6534613845538217,0.2298102076200179
3.6574629851940776,0.2962692137499658
3.661464585834334,0.16895867310452078
3.66546618647459,0.04501300060242231
3.6694677871148462,0.1431383015868171
3.673469387755102,0.304067101944942
3.6774709883953585,0.13257868781373716
3.6814725890356144,0.09493199036309194
3.6854741896758707,0.3135491507439101
3.6894757903161266,0.23409942476018558
3.6934773909563825,0.18050616887615345
3.697478991596639,0.13814219217692972
3.7014805922368947,0.17653170996446357
3.705482192877151,0.2276846445485976
3.709483793517407,0.24134095636806133
3.7134853941576633,0.1865810007047372
3.717486994797919,0.1993166014894253
3.7214885954381756,0.3278436660446589
3.7254901960784315,0.2098459669087637
3.729491796718688,0.1993612581823666
3.7334933973589437,0.24806868005841015
3.7374949979992,0.21398508451147363
3.741496598639456,0.30796282595724567
3.745498199279712,0.12345100277209635
3.749499799919968,0.09396751841244907
3.753501400560224,0.3226990849481577
3.7575030012004804,0.2438274230480043
3.7615046018407363,0.3149473048245429
3.7655062024809927,0.1342616365686311
3.7695078031212486,0.17351360233555171
3.773509403761505,0.1843233327880785
3.777511004401761,0.142739971268185
3.781512605042017,0.17014586649907204
3.785514205682273,0.30821725487950413
3.7895158063225294,0.28638465879085245
3.7935174069627853,0.26187323285652936
3.797519007603041,0.16321386894815748
3.8015206082432975,0.19090891857733983
3.8055222088835534,0.1821437365401322
3.8095238095238098,0.19788567650216474
3.8135254101640657,0.16137959318090322
3.817527010804322,0.25181812491323957
3.821528611444578,0.295563654939418
3.8255302120848342,0.16915189481718948
3.82953181272509,0.12990590216085088
3.8335334133653465,0.2403985021203054
3.8375350140056024,0.29902965646736035
3.8415366146458583,0.2551288758859245
3.8455382152861146,0.1465578941435463
3.8495398159263705,0.2507893036882076
3.853541416566627,0.2879947795419033
3.8575430172068828,0.2898967450368343
3.861544617847139,0.20919588072753012
3.865546218487395,0.24135130332304688
3.8695478191276513,0.30455714272963125
3.8735494197679072,0.25250151267405435
3.8775510204081636,0.15251806986718947
3.8815526210484195,0.20546393674802113
3.885554221688676,0.30213174292604705
3.8895558223289317,0.3305497431724087
3.8935574229691876,0.2408097565564442
3.897559023609444,0.22930220016966738
3.9015606242497,0.3463871758567129
3.905562224889956,0.351245871446384
3.909563825530212,0.3887972232595755
3.9135654261704684,0.28777241969885253
3.9175670268107243,0.2599626863517788
3.9215686274509807,0.21628287956408773
3.9255702280912366,0.3496946828804849
3.929571828731493,0.25390826764435337
3.933573429371749,0.2488788745463869
3.937575030012005,0.3228241647273912
3.941576630652261,0.2954791466982056
3.945578231292517,0.15879361271338133
3.9495798319327733,0.31491764738169725
3.953581432573029,0.2643004777579903
3.9575830332132855,0.3610697718218968
3.9615846338535414,0.1812361368009687
3.9655862344937978,0.2548314385510045
3.9695878351340537,0.3780206576382479
3.97358943577431,0.3061234145259992
3.977591036414566,0.18312992825959531
3.9815926370548222,0.14134260664435747
3.985594237695078,0.20181075518166608
3.9895958383353345,0.39781222706186803
3.9935974389755904,0.2803361735909129
3.9975990396158463,0.2065465027114165
4.001600640256102,0.29061860542569784
4.0056022408963585,0.36462921425345163
4.009603841536615,0.31252021713672484
4.013605442176871,0.284776661446224
4.017607042817127,0.30099261288060614
4.021608643457383,0.3879855547737332
4.025610244097639,0.26333048183844193
4.029611844737896,0.28705778435897955
4.033613445378151,0.18798225400364704
4.0376150460184075,0.3127072459007437
4.041616646658664,0.34722874525007796
4.04561824729892,0.23893658603543708
4.049619847939176,0.18976233994166147
4.053621448579432,0.2733710498861698
4.057623049219688,0.32595295846502903
4.061624649859944,0.27018410636847423
4.0656262505002,0.3129898792841409
4.069627851140456,0.2592374372191182
4.073629451780713,0.4107369207326734
4.077631052420968,0.3218809489456837
4.081632653061225,0.2655034520772855
4.085634253701481,0.2941306069222175
4.089635854341737,0.30247765039418706
4.093637454981993,0.23689409743951365
4.097639055622249,0.29210085891860926
4.101640656262505,0.31742086049083046
4.105642256902761,0.3330079922829226
4.109643857543017,0.2700600721139792
4.1136454581832735,0.22658667801221488
4.11764705882353,0.26989486893958853
4.121648659463785,0.322467215980508
4.125650260104042,0.2988132181929668
4.129651860744298,0.3352586048893447
4.133653461384554,0.31705834440947855
4.13765506202481,0.45927827736916943
4.141656662665066,0.5118460107166243
4.1456582633053225,0.599294378025171
4.149659863945578,0.8648549957051848
4.153661464585834,1.1742232096244327
4.157663065226091,1.414493094093297
4.161664665866347,1.483676750235306
4.165666266506602,1.4429314786131155
4.169667867146859,1.1570070985827312
4.173669467787115,0.8456985608244098
4.1776710684273715,0.5290738227680158
4.181672669067627,0.3355827009707672
4.185674269707883,0.25048620595739723
4.18967587034814,0.2580923639204011
4.193677470988396,0.06645969186159634
4.197679071628651,-0.07127560044674909
4.201680672268908,0.03242075012212312
4.205682272909164,0.10956435953285978
4.2096838735494195,0.012426693741766075
4.213685474189676,0.008148719556191154
4.217687074829932,0.07578712456667382
4.221688675470189,0.042221620344832886
4.225690276110444,0.023012763896767225
4.2296918767507,0.09553774703936355
4.233693477390957,0.07594237376560825
4.237695078031213,0.21717760415006096
4.2416966786714685,0.18043696275171167
4.245698279311725,0.2496999469538632
4.249699879951981,0.25252686317112855
4.253701480592237,0.3224635220016351
4.257703081232493,0.2606282922465072
4.261704681872749,0.323133197005105
4.265706282513006,0.3179114519792614
4.269707883153261,0.35017733557613345
4.2737094837935174,0.4191985610661784
4.277711084433774,0.3084440923416574
4.28171268507403,0.2920154035186629
4.285714285714286,0.35448933468382543
4.289715886354542,0.40211728683620734
4.293717486994798,0.3863228792860858
4.297719087635055,0.3508293347455832
4.30172068827531,0.3357358226218774
4.305722288915566,0.4977428908246704
4.309723889555823,0.4209228830407276
4.313725490196078,0.4456818166506073
4.3177270908363345,0.5046810275635687
4.321728691476591,0.5567857223994283
4.325730292116847,0.5031584682300576
4.329731892757103,0.4861313460349475
4.333733493397359,0.4920278935882385
4.337735094037615,0.5327846567035388
4.341736694677872,0.5075263312512268
4.345738295318127,0.4046967355593809
4.3497398959583835,0.6265334535505792
4.35374149659864,0.6748960051551147
4.357743097238895,0.5475245994160234
4.361744697879152,0.5552147965211806
4.365746298519408,0.5292079812808594
4.369747899159664,0.6819048222324252
4.37374949979992,0.6668317152860382
4.377751100440176,0.613220267790389
4.3817527010804325,0.47337799138830067
4.385754301720689,0.468118561901633
4.389755902360944,0.6150982284601344
4.393757503001201,0.43907977243101737
4.397759103641457,0.4926911056331289
4.401760704281713,0.4224441837161963
4.405762304921969,0.49810074354231254
4.409763905562225,0.4711144303906609
4.413765506202481,0.419623537153137
4.417767106842737,0.4576945499681655
4.421768707482993,0.3964021833262072
4.42577030812325,0.4530516513261999
4.429771908763506,0.36862425919304326
4.433773509403761,0.3275041647198346
4.437775110044018,0.41703605497808915
4.441776710684274,0.2807171275766955
4.44577831132453,0.42176549885810377
4.449779911964786,0.32010928276407985
4.453781512605042,0.33511571450347444
4.4577831132452985,0.24876379467611381
4.461784713885554,0.3720824701243996
4.46578631452581,0.159669114196309
4.469787915166067,0.21462932653714528
4.473789515806323,0.3150355409851879
4.4777911164465785,0.2360827087736626
4.481792717086835,0.3043304495588256
4.485794317727091,0.28609517438992005
4.4897959183673475,0.38919283578071523
4.493797519007603,0.23762280944959943
4.497799119647859,0.21115515378723243
4.501800720288116,0.2857126283404179
4.505802320928372,0.19401497890567396
4.509803921568627,0.30193133546623435
4.513805522208884,0.2085893529338798
4.51780712284914,0.2460409145911247
4.5218087234893956,0.2735944301390911
4.525810324129652,0.3001383203656691
4.529811924769908,0.2091121075782529
4.533813525410165,0.12304591792400371
4.53781512605042,0.2884865342392913
4.541816726690676,0.27389933090192614
4.545818327330933,0.13944657265701393
4.549819927971189,0.13091860293193328
4.5538215286114445,0.2660726986655518
4.557823129251701,0.23270152302313116
4.561824729891957,0.1633662249348543
4.565826330532213,0.1628669273200357
4.569827931172469,0.24011425414168772
4.573829531812725,0.1771605341853417
4.577831132452982,0.16539817095519818
4.581832733093237,0.23022686448411647
4.5858343337334935,0.23056057665702856
4.58983593437375,0.26765990417372276
4.593837535014006,0.2294715966240286
4.597839135654262,0.037383413818890446
4.601840736294518,0.18754636182516135
4.605842336934774,0.34129050382295106
4.609843937575031,0.24750078049194071
4.613845538215286,0.12291419001711339
4.617847138855542,0.20023676103605453
4.621848739495799,0.1907348555393373
4.625850340136054,0.19633028941271008
4.629851940776311,0.1886141165123557
4.633853541416567,0.22021924165433585
4.637855142056823,0.2041893198608528
4.641856742697079,0.20465407886472425
4.645858343337335,0.24105787393085443
4.649859943977591,0.08191346695303761
4.653861544617848,0.31106303403829305
4.657863145258103,0.28341659411094045
4.6618647458983595,0.19025562289641937
4.665866346538616,0.17505016152016373
4.669867947178871,0.15563755135508167
4.673869547819128,0.2475045273879052
4.677871148459384,0.1015816489256397
4.68187274909964,0.08973696823995392
4.685874349739896,0.18452423069980414
4.689875950380152,0.227354523398958
4.6938775510204085,0.22944860366548078
4.697879151660665,0.12708696299555255
4.70188075230092,0.08135511927561345
4.705882352941177,0.28642644490890645
4.709883953581433,0.16187718394590234
4.713885554221688,0.10410511295740377
4.717887154861945,0.12092231544677273
4.721888755502201,0.17810221029962073
4.7258903561424574,0.13941066134941338
4.729891956782713,0.1799924673735768
4.733893557422969,0.09533457835670263
4.737895158063226,0.2568109494013177
4.741896758703482,0.2007670265255213
4.745898359343737,0.11533537448601235
4.749899959983994,0.2155556229554349
4.75390156062425,0.14681022590339332
4.757903161264506,0.08904654346710804
4.761904761904762,0.028331828578340476
4.765906362545018,0.14349812697973285
4.7699079631852745,0.03298514034239325
4.77390956382553,0.17759627798960284
4.777911164465786,0.14466006049921495
4.781912765106043,0.1524672482943964
4.785914365746299,0.20290783890523983
4.7899159663865545,0.16841513891258553
4.793917567026811,0.15545636099107715
4.797919167667067,0.10543722845806752
4.8019207683073235,0.03390674065657232
4.805922368947579,0.15735764034920546
4.809923969587835,0.07601045964380272
4.813925570228092,0.0813757877499568
4.817927170868347,0.13906878638850334
4.821928771508603,0.09251857272288158
4.82593037214886,0.1317900656550337
4.829931972789116,0.07528445107704221
4.833933573429372,0.056203698202494795
4.837935174069628,0.15118567059871316
4.841936774709884,0.08076922371856579
4.845938375350141,0.10177245016192799
4.849939975990396,0.07261398829864729
4.853941576630652,0.0727834121622955
4.857943177270909,0.08753658993020201
4.861944777911165,0.0497157527320677
4.8659463785514205,0.03963519806791974
4.869947979191677,0.012406504561837891
4.873949579831933,0.1262953672455562
4.877951180472189,0.046136077182959936
4.881952781112445,0.04934448375220406
4.885954381752701,0.09921993205262036
4.889955982392958,0.052065048909113926
4.893957583033213,0.029232131221033616
4.8979591836734695,0.00046989931283980546
4.901960784313726,0.07523210091971515
4.905962384953982,0.07012892892578997
4.909963985594238,0.015649149210188302
4.913965586234494,0.04587217249670536
4.91796718687475,-0.01900794380737699
4.921968787515006,0.00952034477824134
4.925970388155262,0.005493771035839812
4.9299719887955185,0.04526670776652243
4.933973589435775,0.05823870457559022
4.93797519007603,0.11019003603677821
4.941976790716287,0.038637885585931016
4.945978391356543,-0.006608898971837286
4.949979991996799,-0.009436047843611045
4.953981592637055,0.08309381934669145
4.957983193277311,0.08283955321160451
4.961984793917567,-0.02647143299950997
4.965986394557824,-0.041945329557976425
4.969987995198079,0.1198027561911534
4.9739895958383356,0.26379408723592407
4.977991196478592,0.43503826673606244
4.981992797118847,0.6298597889502551
4.985994397759104,0.923183264931848
4.98999599839936,1.1741102525674738
4.993997599039616,1.1734806256261459
4.997999199679872,1.0586159376816722
5.002000800320128,0.8594238096326865
5.0060024009603845,0.5955681889224972
5.010004001600641,0.33431922519276563
5.014005602240896,-0.0031573138014502344
5.018007202881153,-0.1252055059624254
5.022008803521409,-0.07412557204078188
5.0260104041616644,-0.20791222492031283
5.030012004801921,-0.3972984515619228
5.034013605442177,-0.26375930601434455
5.0380152060824335,-0.22478463907463408
5.042016806722689,-0.2864634416588037
5.046018407362945,-0.31419331902164915
5.050020008003202,-0.2822284322030656
5.054021608643458,-0.2187371057030176
5.058023209283713,-0.3137096206905694
5.06202480992397,-0.24005100594130022
5.066026410564226,-0.2276529839688671
5.070028011204482,-0.0840951761561098
5.074029611844738,-0.12121351909759742
5.078031212484994,-0.08525132492646381
5.082032813125251,-0.14891881060392262
5.086034413765506,-0.09800677154002742
5.090036014405762,-0.026162862535405507
5.094037615046019,-0.09951950293107009
5.098039215686275,-0.12025456009388816
5.1020408163265305,-0.04547857566420951
5.106042416966787,0.03534861685475689
5.110044017607043,-0.003516301328407863
5.1140456182472995,-0.08654489690664079
5.118047218887555,-0.006267373730878777
5.122048819527811,0.03844843491326468
5.126050420168068,0.01317472592864883
5.130052020808323,-0.07725674254125942
5.1340536214485795,-0.036529674767644515
5.138055222088836,0.10120062558712913
5.142056822729092,0.15878156680776526
5.146058423369348,0.07537880770021327
5.150060024009604,0.002664430803767208
5.15406162464986,0.14668608833528207
5.158063225290117,0.1828888921572864
5.162064825930372,0.07959409884657295
5.166066426570628,0.08781281944925463
5.170068027210885,0.1013229989812591
5.17406962785114,0.2795502351063342
5.178071228491397,0.12069936563429347
5.182072829131653,0.13595907933171136
5.186074429771909,0.1954782051203759
5.190076030412165,0.29495940697731243
5.194077631052421,0.17338385079986046
5.198079231692677,0.17125602412301108
5.202080832332934,0.15623436823851258
5.206082432973189,0.17148463409761477
5.2100840336134455,0.15374121792630094
5.214085634253702,0.1454535214674094
5.218087234893958,0.19323389543022185
5.222088835534214,0.14351924265280278
5.22609043617447,0.17703923827493095
5.230092036814726,0.07422703915149742
5.234093637454982,-0.005357127731429483
5.238095238095238,-0.013400663634010955
5.2420968387354945,0.07746016045079558
5.246098439375751,-0.032118380615319346
5.250100040016006,-0.03416559934591454
5.254101640656263,-0.037090837472596
5.258103241296519,-0.03343365829270733
5.262104841936775,-0.0985271376506722
5.266106442577031,-0.17940112756162363
5.270108043217287,-0.16411708901150243
5.274109643857543,-0.12697688797172874
5.278111244497799,-0.17775990786194468
5.282112845138055,-0.15660930667724166
5.286114445778312,-0.12118881004597785
5.290116046418568,-0.1475262651109543
5.294117647058823,-0.22439424183927006
5.29811924769908,-0.2551189492049555
5.302120848339336,-0.1494623958892308
5.306122448979592,-0.18072635394373568
5.310124049619848,-0.2361746039007076
5.314125650260104,-0.1470123912615175
5.3181272509003605,-0.16095634468740094
5.322128851540617,-0.13966857562670615
5.326130452180872,-0.15904159951285907
5.330132052821129,-0.21654334503046269
5.334133653461385,-0.20492186570195486
5.3381352541016405,-0.18735347498686333
5.342136854741897,-0.18295137540997908
5.346138455382153,-0.20551686609368902
5.3501400560224095,-0.20931180163661472
5.354141656662665,-0.05287428936108305
5.358143257302921,-0.08515467840474623
5.362144857943178,-0.2691764166179923
5.366146458583434,-0.14660930539121325
5.370148059223689,-0.1223308535817723
5.374149659863946,-0.11944109991813742
5.378151260504202,-0.22902238462657984
5.382152861144458,-0.24219073638380403
5.386154461784714,-0.1593828766360783
5.39015606242497,-0.15875301140512466
5.394157663065227,-0.18504135241113673
5.398159263705482,-0.3005761867482837
5.402160864345738,-0.2212581120238656
5.406162464985995,-0.07899752368456428
5.410164065626251,-0.16007871857822473
5.4141656662665065,-0.20960022641748677
5.418167266906763,-0.2885066966146808
5.422168867547019,-0.19462523850273847
5.4261704681872756,-0.23073047494483542
5.430172068827531,-0.3215581740133788
5.434173669467787,-0.21386117121004777
5.438175270108044,-0.14337995271563347
5.442176870748299,-0.2339423439443658
5.4461784713885555,-0.2239476141698095
5.450180072028812,-0.25389663533378504
5.454181672669068,-0.2361982729927135
5.458183273309324,-0.18010585753238512
5.46218487394958,-0.29500332058732665
5.466186474589836,-0.2294665295796877
5.470188075230093,-0.218182355577612
5.474189675870348,-0.1671534872556774
5.4781912765106044,-0.3555244935235767
5.482192877150861,-0.3312154678454828
5.486194477791116,-0.3051647096305209
5.490196078431373,-0.1531941944400754
5.494197679071629,-0.2252956952380077
5.498199279711885,-0.3442000909991753
5.502200880352141,-0.19572698478126602
5.506202480992397,-0.12209739414525335
5.510204081632653,-0.21506759408754422
5.51420568227291,-0.3294256735563845
5.518207282913165,-0.25508765709740716
5.5222088835534215,-0.18205546557030922
5.526210484193678,-0.24127444252684427
5.530212084833934,-0.24788225086260776
5.53421368547419,-0.29473897116986425
5.538215286114446,-0.2539270150853351
5.542216886754702,-0.3267692648578679
5.546218487394958,-0.3345725230624332
5.550220088035214,-0.27477396540476173
5.5542216886754705,-0.29082215546261087
5.558223289315727,-0.26118765942290834
5.562224889955982,-0.23255777372662703
5.566226490596239,-0.34957026980788247
5.570228091236495,-0.2296284090003638
5.574229691876751,-0.23774269832043113
5.578231292517007,-0.3212442688529774
5.582232893157263,-0.27072084732991425
5.5862344937975195,-0.26030771528703434
5.590236094437775,-0.09100477820664614
5.594237695078031,-0.2472790442495731
5.598239295718288,-0.298979278780534
5.602240896358544,-0.25599458556057986
5.606242496998799,-0.25236971736663943
5.610244097639056,-0.2123675984219881
5.614245698279312,-0.27239652378744483
5.618247298919568,-0.2840574091928999
5.622248899559824,-0.22525134957147663
5.62625050020008,-0.3065152922098516
5.630252100840337,-0.35625609465981367
5.634253701480592,-0.24996545304388643
5.638255302120848,-0.2465155226717712
5.642256902761105,-0.23361400553404368
5.646258503401361,-0.23506755011237504
5.6502601040416165,-0.3498007840929809
5.654261704681873,-0.33129726199646176
5.658263305322129,-0.22371052568471753
5.6622649059623855,-0.2950431057543129
5.666266506602641,-0.3739284051282086
5.670268107242897,-0.31338699531144715
5.674269707883154,-0.2004487602683943
5.67827130852341,-0.3547005996036481
5.6822729091636655,-0.28069103257779776
5.686274509803922,-0.29130427750655324
5.690276110444178,-0.23419403883166479
5.694277711084434,-0.3054085379413019
5.69827931172469,-0.39571290466567655
5.702280912364946,-0.3529046798750002
5.706282513005203,-0.28851045337097353
5.710284113645458,-0.3419100538830743
5.714285714285714,-0.30148972354206116
5.718287314925971,-0.3229184599291488
5.722288915566227,-0.20528682342471155
5.7262905162064826,-0.20962432080116258
5.730292116846739,-0.3232655139911154
5.734293717486995,-0.31560145005266216
5.738295318127251,-0.24894266093031203
5.742296918767507,-0.20635762486798373
5.746298519407763,-0.3827103283307826
5.75030012004802,-0.27335240850756753
5.754301720688275,-0.29926271262368076
5.7583033213285315,-0.19994586236644998
5.762304921968788,-0.26620694816200824
5.766306522609044,-0.3199391481564655
5.7703081232493,-0.2230732503035972
5.774309723889556,-0.227430543911224
5.778311324529812,-0.35955974388842626
5.782312925170069,-0.3650666941714993
5.786314525810324,-0.2573738653190744
5.7903161264505805,-0.20871980121594308
5.794317727090837,-0.23870564134134128
5.798319327731092,-0.2638500580984005
5.802320928371349,-0.2629285130440429
5.806322529011605,-0.14575601590425338
5.810324129651861,0.08940506116336705
5.814325730292117,0.2259126781252578
5.818327330932373,0.5558946035772487
5.822328931572629,0.8293840187665082
5.826330532212886,0.8745748665043257
5.830332132853141,0.7279881312132572
5.834333733493398,0.3885641964970533
5.838335334133654,0.21068783546046635
5.842336934773909,0.0863396050755165
5.846338535414166,-0.3170006156173958
5.850340136054422,-0.5067576288468503
5.854341736694678,-0.3690649537108162
5.858343337334934,-0.5419328961535406
5.86234493797519,-0.5195770501173103
5.8663465386154465,-0.6834841048001322
5.870348139255703,-0.5933108174882383
5.874349739895958,-0.6074638322430137
5.878351340536215,-0.6702969391448694
5.882352941176471,-0.5770674816042565
5.886354541816727,-0.5898692852398468
5.890356142456983,-0.503190385424656
5.894357743097239,-0.4584074493852103
5.8983593437374955,-0.4384261046703165
5.902360944377751,-0.46372188111361234
5.906362545018007,-0.4072792905265339
5.910364145658264,-0.3794147725032322
5.91436574629852,-0.41301572750450544
5.918367346938775,-0.3044486891591292
5.922368947579032,-0.2873955921863165
5.926370548219288,-0.31631947306765135
5.9303721488595444,-0.40556852032636836
5.9343737494998,-0.25515322634768456
5.938375350140056,-0.18564021826714788
5.942376950780313,-0.2548747578792001
5.946378551420568,-0.34042813909971836
5.950380152060824,-0.20571252556490793
5.954381752701081,-0.17818400879413684
5.958383353341337,-0.1974244316633971
5.9623849539815925,-0.26773655047066297
5.966386554621849,-0.24531545364100119
5.970388155262105,-0.16951267780860169
5.9743897559023615,-0.10817235023070353
5.978391356542617,-0.1354320782586008
5.982392957182873,-0.17562606222588598
5.98639455782313,-0.016241214143132884
5.990396158463386,0.0720572463714242
5.9943977591036415,-0.09671824243510088
5.998399359743898,-0.12825222740594402
6.002400960384154,-0.037782179256129284
6.00640256102441,0.05559384447500147
6.010404161664666,-0.06988686971262176
6.014405762304922,-0.03277529267295455
6.018407362945179,-0.0030725248081027445
6.022408963585434,0.03832341725548833
6.02641056422569,0.02810985738259319
6.030412164865947,0.0465922974584087
6.034413765506203,-0.06712267210208239
6.038415366146459,0.002796756951807179
6.042416966786715,0.05152464684221508
6.046418567426971,-0.03998944236165884
6.050420168067227,-0.10831568502634328
6.054421768707483,0.052789651683485435
6.058423369347739,-0.009629758650770232
6.062424969987996,-0.13510249462887441
6.066426570628251,-0.07328203443066159
6.0704281712685075,-0.13534153242206434
6.074429771908764,-0.06427854935664645
6.07843137254902,-0.177005151397455
6.082432973189276,-0.20316911047537442
6.086434573829532,-0.16815981978751876
6.090436174469788,-0.053154116202477765
6.094437775110045,-0.23894326507259606
6.0984393757503,-0.23936107982896815
6.1024409763905565,-0.23602838297739584
6.106442577030813,-0.19172577338147972
6.110444177671068,-0.20630192352486307
6.114445778311325,-0.32933744547572513
6.118447378951581,-0.2405027810609674
6.122448979591837,-0.1867276540202224
6.126450580232093,-0.240765507571588
6.130452180872349,-0.3588503618631051
6.1344537815126055,-0.24984916992107412
6.138455382152862,-0.1904441113353692
6.142456982793117,-0.2864792751051185
6.146458583433374,-0.22432912775558198
6.15046018407363,-0.3674356218467275
6.154461784713885,-0.146938718930253
6.158463385354142,-0.14904961008311163
6.162464985994398,-0.29593097265692214
6.166466586634654,-0.38989876188602257
6.17046818727491,-0.28106723896323527
6.174469787915166,-0.24909265217485027
6.1784713885554225,-0.26247406387605104
6.182472989195679,-0.34980133192011614
6.186474589835934,-0.28893605689028934
6.190476190476191,-0.17299944000782574
6.194477791116447,-0.2366960955729259
6.1984793917567025,-0.28243385076352995
6.202480992396959,-0.33936553715196227
6.206482593037215,-0.22871669669460504
6.2104841936774715,-0.16359750366824435
6.214485794317727,-0.3421201247962562
6.218487394957983,-0.24951537927898762
6.22248899559824,-0.2727425878796982
6.226490596238496,-0.2222501259714578
6.230492196878751,-0.34856752314898304
6.234493797519008,-0.32063103795393183
6.238495398159264,-0.15872119663198658
6.2424969987995205,-0.22951097638945334
6.246498599439776,-0.23374883893006718
6.250500200080032,-0.15028602946362082
6.254501800720289,-0.1664605486956901
6.258503401360544,-0.166731738212421
6.2625050020008,-0.24017345297833803
6.266506602641057,-0.26581830916077287
6.270508203281313,-0.1346414556642666
6.2745098039215685,-0.18882414624931315
6.278511404561825,-0.2585384303403194
6.282513005202081,-0.24126340268785318
6.286514605842338,-0.25616150184469877
6.290516206482593,-0.13416875431245417
6.294517807122849,-0.33552191519168606
6.298519407763106,-0.15610365647813979
6.302521008403361,-0.22527030831211428
6.3065226090436175,-0.12996381694231288
6.310524209683874,-0.19546582688990438
6.31452581032413,-0.23504551781877286
6.318527410964386,-0.18277833929204723
6.322529011604642,-0.05031117578471108
6.326530612244898,-0.11312729742933036
6.330532212885155,-0.24239131868765607
6.33453381352541,-0.2140034260416106
6.3385354141656665,-0.1586163063824581
6.342537014805923,-0.11545749614887134
6.346538615446179,-0.21065987205987058
6.350540216086435,-0.2601500097834994
6.354541816726691,-0.1453352081659826
6.358543417366947,-0.12630545282114264
6.362545018007203,-0.2551349012491824
6.366546618647459,-0.20912329451084857
6.370548219287715,-0.13248527700390367
6.374549819927972,-0.1363364001711631
6.378551420568227,-0.19605303019128678
6.382553021208484,-0.25422033779516034
6.38655462184874,-0.08072690503290729
6.390556222488996,-0.08238642175481123
6.394557823129252,-0.16223709351350635
6.398559423769508,-0.1854861055605118
6.402561024409764,-0.08455372600013747
6.40656262505002,-0.06510546716240674
6.410564225690276,-0.1703554378525754
6.4145658263305325,-0.1419221083228606
6.418567426970789,-0.15123278598112305
6.422569027611044,-0.06678624853417153
6.426570628251301,-0.0017448222781718502
6.430572228891557,-0.17287274665841623
6.434573829531813,-0.10709363860691379
6.438575430172069,-0.060286520570314535
6.442577030812325,-0.06851351252370162
6.4465786314525815,-0.09921664157086138
6.450580232092838,-0.0164550227583022
6.454581832733093,-0.064599101191149
6.45858343337335,-0.07876641021433525
6.462585034013606,-0.1309403996079274
6.466586634653861,-0.1842145341204288
6.470588235294118,-0.061238549861571755
6.474589835934374,-0.02446714841646605
6.47859143657463,-0.1945980892865293
6.482593037214886,-0.29995781636132635
6.486594637855142,-0.05336595173446627
6.490596238495399,-0.1006288409214606
6.494597839135655,-0.13771380527395108
6.49859943977591,-0.12003159332300803
6.502601040416167,-0.040973793610413846
6.506602641056423,-0.01926891507822582
6.5106042416966785,-0.17826414232274165
6.514605842336935,-0.23136506299787848
6.518607442977191,-0.05701053022016495
6.5226090436174475,-0.04658912679100231
6.526610644257703,0.007397175626013063
6.530612244897959,-0.12175866005177044
6.534613845538216,-0.019663148192799424
6.538615446178472,-0.01658010397654338
6.5426170468187275,0.02776419158543431
6.546618647458984,-0.19464412421262117
6.55062024809924,-0.043987887430924966
6.5546218487394965,-0.011275186998153573
6.558623449379752,-0.14875442958732224
6.562625050020008,-0.1514792296526699
6.566626650660265,-0.1576168123181255
6.57062825130052,-0.10566659473591013
6.574629851940776,0.010313487146004288
6.578631452581033,0.0027475015170625484
6.582633053221289,-0.10516193111481137
6.586634653861545,-0.012723381250907672
6.590636254501801,0.09149653805769051
6.594637855142057,-0.12235001084147286
6.598639455782314,-0.023259534954583223
6.602641056422569,-0.03710887997234774
6.606642657062825,0.07349738952890508
6.610644257703082,0.005480673375461054
6.614645858343337,-0.0360146905257364
6.6186474589835935,-0.09252247636169647
6.62264905962385,0.03171549886162042
6.626650660264106,0.08101209301371298
6.630652260904362,-0.06018793439164156
6.634653861544618,-0.026618139479355662
6.638655462184874,0.24198570923404492
6.642657062825131,0.2956738566079133
6.646658663465386,0.553711179502178
6.6506602641056425,0.8182685800452534
6.654661864745899,1.0671022333862272
6.658663465386155,1.2689384023163217
6.662665066026411,1.1473216608947328
6.666666666666667,0.8066618866853494
6.670668267306923,0.5315642429088818
6.674669867947179,0.4381443949800518
6.678671468587435,0.0070994638960612845
6.682673069227691,-0.07944805359102358
6.686674669867948,-0.14351746964869067
6.690676270508203,-0.1981015803746258
6.69467787114846,-0.19414845911813391
6.698679471788716,-0.3512616805988268
6.702681072428972,-0.2852629808487907
6.706682673069228,-0.16716247554792935
6.710684273709484,-0.3120120029552241
6.71468587434974,-0.26774748580938584
6.718687474989996,-0.2273318699466404
6.722689075630252,-0.1864565919341876
6.7266906762705085,-0.09729989163651616
6.730692276910765,-0.19153226860671896
6.73469387755102,-0.026557876097131602
6.738695478191277,0.030726289377447147
6.742697078831533,-0.003166894645284895
6.746698679471789,-0.024303181898094856
6.750700280112045,0.07043667551994821
6.754701880752301,0.018043205150941703
6.7587034813925575,0.044082014512245124
6.762705082032813,-0.0219400298556849
6.766706682673069,0.06093371407922973
6.770708283313326,0.04495839797777935
6.774709883953582,0.2447910224815877
6.778711484593837,0.0028435665208082495
6.782713085234094,0.08302371354002093
6.78671468587435,0.17593846332444735
6.7907162865146065,0.21983188115611868
6.794717887154862,0.1137250122658575
6.798719487795118,0.09573306785546967
6.802721088435375,0.23621238836132735
6.806722689075631,0.27527270451727
6.810724289715886,0.18176278870731657
6.814725890356143,0.1724122177165166
6.818727490996399,0.25329007281580307
6.8227290916366545,0.32409127588485054
6.826730692276911,0.33781248421713583
6.830732292917167,0.2922585551305868
6.834733893557424,0.3124110529488708
6.838735494197679,0.40623596304415266
6.842737094837935,0.4528200568175772
6.846738695478192,0.3041910141591433
6.850740296118448,0.2751028161404879
6.8547418967587035,0.4122884972372624
6.85874349739896,0.4015592048620367
6.862745098039216,0.4543755259866764
6.866746698679472,0.36920414201215235
6.870748299319728,0.5090073299694506
6.874749899959984,0.4959326273222015
6.878751500600241,0.2994831568966456
6.882753101240496,0.29477117638300837
6.8867547018807524,0.32589176237925166
6.890756302521009,0.49003754902651764
6.894757903161265,0.3780554504364792
6.898759503801521,0.19398376545888177
6.902761104441777,0.18187743993706781
6.906762705082033,0.37265898250606405
6.91076430572229,0.25246643844238087
6.914765906362545,0.23603645428024086
6.918767507002801,0.2602306550715946
6.922769107643058,0.28821012955039454
6.926770708283313,0.2518659586579156
6.9307723089235695,0.1155888213366576
6.934773909563826,0.26429069092221796
6.938775510204082,0.1838012037214208
6.942777110844338,0.18919682538411203
6.946778711484594,0.13914946051595628
6.95078031212485,0.17131266157444913
6.954781912765107,0.3013174074018879
6.958783513405362,0.17936842266239977
6.9627851140456185,0.1469819301719023
6.966786714685875,0.060347964328980236
6.97078831532613,0.1569003496790647
6.974789915966387,0.20868543877922052
6.978791516606643,0.19055827607780412
6.982793117246899,0.14084391112690192
6.986794717887155,0.23476889856313812
6.990796318527411,0.09976168695851895
6.9947979191676675,0.09794832144358885
6.998799519807924,0.17850146422718416
7.002801120448179,0.12239242596926077
7.006802721088436,0.3357602195862668
7.010804321728692,0.2008987600454072
7.014805922368948,0.18446514542117412
7.018807523009204,0.219213150786861
7.02280912364946,0.2146679586254989
7.026810724289716,0.20781224433661982
7.030812324929972,0.12425563015349667
7.034813925570228,0.151555479741106
7.038815526210485,0.25595732619717265
7.042817126850741,0.23091775718477425
7.046818727490996,0.14966904538699746
7.050820328131253,0.1434782004376818
7.054821928771509,0.22444688869679888
7.058823529411765,0.29050274891123423
7.062825130052021,0.2103266654968086
7.066826730692277,0.14647348103716046
7.0708283313325335,0.28494305385492424
7.074829931972789,0.13817872201836962
7.078831532613045,0.1468574034629546
7.082833133253302,0.12342937212793352
7.086834733893558,0.2666390421890683
7.0908363345338135,0.2762047064890749
7.09483793517407,0.20597948794286036
7.098839535814326,0.14945912036513587
7.1028411364545825,0.2620072478882593
7.106842737094838,0.21211487145785723
7.110844337735094,0.24391397475342597
7.114845938375351,0.08373740521047432
7.118847539015607,0.1934250550643001
7.122849139655862,0.25848904773499215
7.126850740296119,0.16845484353481927
7.130852340936375,0.1615633888437575
7.1348539415766306,0.2453529204639922
7.138855542216887,0.31125488110383454
7.142857142857143,0.2749266404675626
7.1468587434974,0.21627137773048416
7.150860344137655,0.3007140336053744
7.154861944777911,0.24937572975015349
7.158863545418168,0.23923738228618785
7.162865146058424,0.2276905616330207
7.1668667466986795,0.16780726448658217
7.170868347338936,0.17691532019267198
7.174869947979192,0.26708242126550324
7.178871548619448,0.21891489219037866
7.182873149259704,0.18475114502140194
7.18687474989996,0.2807856773702001
7.190876350540217,0.2288973603213939
7.194877951180472,0.2473011138268824
7.1988795518207285,0.2917781917338762
7.202881152460985,0.3469780895366483
7.206882753101241,0.3273049880090412
7.210884353741497,0.24275831536121886
7.214885954381753,0.20166425944509042
7.218887555022009,0.2203367423591766
7.222889155662265,0.34765059246426366
7.226890756302521,0.23447384477808328
7.230892356942777,0.22955033288969912
7.234893957583034,0.29997275704360005
7.238895558223289,0.3712694099003504
7.242897158863546,0.3044418336777003
7.246898759503802,0.11975062240559647
7.250900360144058,0.22243293720894064
7.254901960784314,0.3296728967950348
7.25890356142457,0.3560427172141925
7.262905162064826,0.20799470793403693
7.266906762705083,0.2749259789441151
7.270908363345338,0.26250992449600347
7.2749099639855945,0.3481230331407426
7.278911564625851,0.29447113816499076
7.282913165266106,0.23850733151915676
7.286914765906363,0.31870167991333426
7.290916366546619,0.3249039084836032
7.294917967186875,0.273757607494026
7.298919567827131,0.2330924270241655
7.302921168467387,0.2749326406624132
7.3069227691076435,0.300178776712909
7.3109243697479,0.2928497312030571
7.314925970388155,0.18470603877517625
7.318927571028412,0.2613058475318317
7.322929171668668,0.3310883285673416
7.326930772308923,0.3847393695291607
7.33093237294918,0.18075020318342586
7.334933973589436,0.20145987229776965
7.3389355742296924,0.31096876002846013
7.342937174869948,0.28205207932259213
7.346938775510204,0.19459495624693263
7.350940376150461,0.21794413256478046
7.354941976790717,0.33758210912863035
7.358943577430972,0.38693330913000157
7.362945178071229,0.2510704547755187
7.366946778711485,0.3073529426612208
7.370948379351741,0.18142980597229186
7.374949979991997,0.4128932355608327
7.378951580632253,0.2549494293909029
7.3829531812725095,0.25897033255717805
7.386954781912765,0.3639228324087932
7.390956382553021,0.37565746894155116
7.394957983193278,0.25329042584739064
7.398959583833534,0.20773653571792697
7.4029611844737895,0.26714064493302203
7.406962785114046,0.3977357417690534
7.410964385754302,0.25710246481542787
7.4149659863945585,0.21816308649502814
7.418967587034814,0.2699671512700957
7.42296918767507,0.3190349165681504
7.426970788315327,0.282303841153709
7.430972388955582,0.2544548712789612
7.434973989595838,0.364624635461718
7.438975590236095,0.2696254595900129
7.442977190876351,0.4515212444798178
7.446978791516607,0.24130889421288235
7.450980392156863,0.2073140282696575
7.454981992797119,0.2802052405133943
7.458983593437376,0.3535492653581032
7.462985194077631,0.30026437819133556
7.466986794717887,0.37929915380443535
7.470988395358144,0.5583355777081334
7.4749899959984,0.7464117911218633
7.4789915966386555,0.8295718285942363
7.482993197278912,1.05518774976838
7.486994797919168,1.388926668220395
7.490996398559424,1.4487795030967392
7.49499799919968,1.3928198552742188
7.498999599839936,1.00868122705578
7.503001200480193,0.7726825152404164
7.507002801120448,0.5790136475082516
7.5110044017607045,0.39182159440964803
7.515006002400961,0.15567994655004347
7.519007603041217,0.23706891974988395
7.523009203681473,0.201742739902551
7.527010804321729,0.09076273337819626
7.531012404961985,0.0016676815742726059
7.535014005602241,-0.03826954219701523
7.539015606242497,0.024581626339283808
7.5430172068827535,0.11402052683127403
7.54701880752301,0.010134086482784806
7.551020408163265,0.014844788458403167
7.555022008803522,-0.017905204984701724
7.559023609443778,0.07631031138132002
7.563025210084034,0.07563966262445884
7.56702681072429,0.14438598981303075
7.571028411364546,0.26118227651554726
7.575030012004802,0.17339891740919083
7.579031612645059,0.2723967886048986
7.583033213285314,0.2576355631344289
7.5870348139255706,0.31363438162604496
7.591036414565827,0.3183676902453162
7.595038015206082,0.20537772449156572
7.599039615846339,0.29108474488208264
7.603041216486595,0.39755842066839525
7.607042817126851,0.35498496415182196
7.611044417767107,0.3987159270673515
7.615046018407363,0.2993971505077508
7.6190476190476195,0.3607875790027183
7.623049219687876,0.45384338147239467
7.627050820328131,0.36163471008456466
7.631052420968388,0.3199078499292045
7.635054021608644,0.3957542736796551
7.6390556222488994,0.5100580777720186
7.643057222889156,0.45963063583932323
7.647058823529412,0.4044502148603401
7.6510604241696685,0.43080572746364576
7.655062024809924,0.5149572781845476
7.65906362545018,0.6170817882477089
7.663065226090437,0.46992669570106627
7.667066826730693,0.4592039083963575
7.671068427370948,0.561206432571041
7.675070028011205,0.6211934209320502
7.679071628651461,0.5041222739358839
7.6830732292917165,0.49808523320758863
7.687074829931973,0.6080901310782353
7.691076430572229,0.6833754697319365
7.695078031212486,0.5869708836791759
7.699079631852741,0.5337635330444965
7.703081232492997,0.5861325550186178
7.707082833133254,0.6047480860613126
7.71108443377351,0.5137395122124239
7.7150860344137655,0.43085535659900437
7.719087635054022,0.46353094321839045
7.723089235694278,0.5193609028168231
7.7270908363345345,0.47775034647781134
7.73109243697479,0.3212705763952116
7.735094037615046,0.40657389777974934
7.739095638255303,0.4452991444239519
7.743097238895558,0.452548272799572
7.7470988395358145,0.3230929637119382
7.751100440176071,0.24646998589400942
7.755102040816327,0.3959632505632215
7.759103641456583,0.3473413592657386
7.763105242096839,0.24902221177283168
7.767106842737095,0.23046458293329922
7.771108443377352,0.3207150183728276
7.775110044017607,0.2775925931961933
7.779111644657863,0.3817942519106977
7.78311324529812,0.24309350751790335
7.787114845938375,0.21878136448020677
7.791116446578632,0.26697655730848435
7.795118047218888,0.29559098877392664
7.799119647859144,0.2867617629729694
7.8031212484994,0.2505104320482942
7.807122849139656,0.33303280301999316
7.811124449779912,0.27414572643419627
7.815126050420169,0.14050770952003744
7.819127651060424,0.22716187512545033
7.8231292517006805,0.3114737959888763
7.827130852340937,0.35505889264882673
7.831132452981193,0.13211828739771775
7.835134053621449,0.2389451467004901
7.839135654261705,0.21136775362294852
7.843137254901961,0.22988701292438798
7.847138855542217,0.15348408205762198
7.851140456182473,0.18395984100230342
7.8551420568227295,0.27236570381320047
7.859143657462986,0.2818001865624754
7.863145258103241,0.11011323137639245
7.867146858743498,0.25750190154168184
7.871148459383754,0.28915907442603334
7.87515006002401,0.3242458159810936
7.879151660664266,0.2381491426571285
7.883153261304522,0.21198400527132746
7.887154861944778,0.13357416112193332
7.891156462585034,0.27258058621075537
7.89515806322529,0.26228476144462154
7.899159663865547,0.21517543621098406
7.903161264505803,0.25682084928387094
7.907162865146058,0.28575194415216304
7.911164465786315,0.23582147016602806
7.915166066426571,0.21497969632303063
7.919167667066827,0.22059449363265884
7.923169267707083,0.26983580243362465
7.927170868347339,0.2374626385428032
7.9311724689875955,0.11517415261864952
7.935174069627852,0.05173678457223128
7.939175670268107,0.16494199126204387
7.943177270908364,0.28952910808962545
7.94717887154862,0.149234355688866
7.9511804721888755,0.17630275906560708
7.955182072829132,0.19540980254713708
7.959183673469388,0.2773953302570984
7.9631852741096445,0.19126597486450672
7.9671868747499,0.16469628322788257
7.971188475390156,0.2218366022279313
7.975190076030413,0.31324142652709375
7.979191676670669,0.1714400667413005
7.983193277310924,0.15162397112154763
7.987194877951181,0.17010447096502831
7.991196478591437,0.1400804557714655
7.995198079231693,0.22185770643003333
7.999199679871949,0.1386848538266089
8.003201280512204,0.1778760669855851
8.00720288115246,0.23451901896488267
8.011204481792717,0.11908137030737106
8.015206082432973,0.10209141887032072
8.01920768307323,0.06534632434998223
8.023209283713486,0.17634325169427092
8.027210884353742,0.1260793738528775
8.031212484993999,0.09469625330236345
8.035214085634253,0.22356485972305562
8.03921568627451,0.12183142929249076
8.043217286914766,0.0990887082322728
8.047218887555022,0.10507108372107835
8.051220488195279,0.07849203646232471
8.055222088835535,0.23533941007736678
8.059223689475791,0.13804775128692048
8.063225290116046,0.07817197644100178
8.067226890756302,0.1975633304230753
8.071228491396559,0.06289183005911958
8.075230092036815,0.1642523738676949
8.079231692677071,0.15026924053722032
8.083233293317328,0.005556359559972149
8.087234893957584,0.20939343741942607
8.09123649459784,0.05292433602915297
8.095238095238095,0.11676882166410633
8.099239695878351,0.05844648752801137
8.103241296518608,0.12324075128999626
8.107242897158864,0.1646701892875793
8.11124449779912,0.1377193014732894
8.115246098439377,0.03916206443316246
8.119247699079633,0.0627392373655018
8.123249299719888,0.14712738258731922
8.127250900360144,0.08725935608569559
8.1312525010004,0.0472806964537205
8.135254101640657,0.07101290721789787
8.139255702280913,0.14934968523738795
8.14325730292117,0.0852341877789973
8.147258903561426,0.03164745820340416
8.15126050420168,0.05298181358870972
8.155262104841936,0.17233295339753593
8.159263705482193,0.12865158042087882
8.16326530612245,0.12642110772640508
8.167266906762706,0.09082759742522709
8.171268507402962,0.04857491300341628
8.175270108043218,0.07974819032221198
8.179271708683475,0.10861269398782664
8.183273309323729,0.08762534336678135
8.187274909963985,0.16945632268069988
8.191276510604242,0.15682758802010527
8.195278111244498,0.09129822887980861
8.199279711884754,0.11656972078504521
8.20328131252501,0.10891584621990952
8.207282913165267,0.12935803703317456
8.211284513805522,0.048324535620213584
8.215286114445778,0.06540556077562731
8.219287715086034,0.0773886070040537
8.22328931572629,0.19900125785966702
8.227290916366547,0.04446547636262287
8.231292517006803,0.019145677079343663
8.23529411764706,0.08090887053605844
8.239295718287316,0.06169129710821094
8.24329731892757,0.05888165741040788
8.247298919567827,-0.03380889562496939
8.251300520208083,0.02163566823131053
8.25530212084834,0.07367938861877057
8.259303721488596,0.09324739962869237
8.263305322128852,-0.056943716319592705
8.267306922769109,-0.0016612599401617592
8.271308523409363,0.09906596538070195
8.27531012404962,0.17376204824957747
8.279311724689876,-0.08809730038062871
8.283313325330132,-0.040392961527871904
8.287314925970389,0.04344913559978476
8.291316526610645,0.13480710844110638
8.295318127250901,-0.03370376082420959
8.299319727891156,0.09317371608377585
8.303321328531412,0.15991359947282843
8.307322929171669,0.428161000926953
8.311324529811925,0.5909534942272018
8.315326130452181,0.7074343997826733
8.319327731092438,1.1642713501940292
8.323329331732694,1.305209384247586
8.32733093237295,1.1965071898997415
8.331332533013205,0.836127055310025
8.335334133653461,0.5727369831617568
8.339335734293718,0.2725810203420711
8.343337334933974,0.08014082887392122
8.34733893557423,-0.21815307495750963
8.351340536214487,-0.19665131406177164
8.355342136854743,-0.15119047724394888
8.359343737494997,-0.22198526120445466
8.363345338135254,-0.3355110468364759
8.36734693877551,-0.24420328839336614
8.371348539415767,-0.27383493404449294
8.375350140056023,-0.22188457892880378
8.37935174069628,-0.3298015027928453
8.383353341336536,-0.28914941428017804
8.387354941976792,-0.26203842596504123
8.391356542617046,-0.23820825256104364
8.395358143257303,-0.2323976894632095
8.39935974389756,-0.2821608942148117
8.403361344537815,-0.11811313266967158
8.407362945178072,-0.06444863747616834
8.411364545818328,-0.20092145108827084
8.415366146458584,-0.09001740311899466
8.419367747098839,-0.08220487984770285
8.423369347739095,0.06723287358285258
8.427370948379352,-0.03456110201375184
8.431372549019608,-0.028567588020177927
8.435374149659864,-0.1415827930688466
8.43937575030012,0.025620883954749235
8.443377350940377,0.10161839869577184
8.447378951580633,-0.13671704409469387
8.451380552220888,-0.038966082572323125
8.455382152861144,0.05442142706505358
8.4593837535014,0.06321656782305388
8.463385354141657,-0.02752992345663205
8.467386954781913,0.0331135953989599
8.47138855542217,0.1716055113671653
8.475390156062426,0.11244767345295709
8.47939175670268,0.08293412216572532
8.483393357342937,0.026600879824765
8.487394957983193,0.18153997371744485
8.49139655862345,0.18485300451292966
8.495398159263706,0.17295714795731132
8.499399759903962,0.1837381027650118
8.503401360544219,0.215550693739794
8.507402961184473,0.25488722288788235
8.51140456182473,0.19802261375532387
8.515406162464986,0.18992939616021004
8.519407763105242,0.2377067729397036
8.523409363745499,0.29569999953177806
8.527410964385755,0.1799209600462256
8.531412565026011,0.06089824737273667
8.535414165666268,0.2500238703104152
8.539415766306522,0.16656601078569258
8.543417366946779,0.18026521003696577
8.547418967587035,0.0976491803978551
8.551420568227291,0.013349835464068822
8.555422168867548,0.169926295751411
8.559423769507804,0.07805846839788674
8.56342537014806,0.0009015414273894906
8.567426970788315,0.058971874744412504
8.571428571428571,-0.05117958685133302
8.575430172068828,0.03035838108986132
8.579431772709084,-0.08534507153855837
8.58343337334934,-0.06709346022027511
8.587434973989597,-0.04864063808693066
8.591436574629853,0.09600119515419277
8.59543817527011,-0.0788365959181356
8.599439775910364,-0.1801310514719113
8.60344137655062,-0.10956997742797997
8.607442977190876,-0.023398058433812728
8.611444577831133,-0.0212954957494294
8.61544617847139,-0.18871185953829478
8.619447779111646,-0.17825355303411544
8.623449379751902,-0.008113851404239238
8.627450980392156,-0.07068923991844986
8.631452581032413,-0.2418000223364462
8.635454181672669,-0.17369040521449586
8.639455782312925,-0.1388224813309556
8.643457382953182,-0.1815998293140768
8.647458983593438,-0.13811167134310204
8.651460584233694,-0.1911529153753453
8.65546218487395,-0.08714297760291091
8.659463785514205,-0.17488755345332285
8.663465386154462,-0.17309659424934287
8.667466986794718,-0.2241485503302592
8.671468587434974,-0.1489578613416681
8.67547018807523,-0.12533839475722153
8.679471788715487,-0.12723997812691848
8.683473389355743,-0.21673680520574637
8.687474989995998,-0.21151276343384495
8.691476590636254,-0.126542641234965
8.69547819127651,-0.08678949804477011
8.699479791916767,-0.2278158961224718
8.703481392557023,-0.14949062003968738
8.70748299319728,-0.1360558012924144
8.711484593837536,-0.2988446158990033
8.71548619447779,-0.1381654092217211
8.719487795118047,-0.17744731087981186
8.723489395758303,-0.11418891222127747
8.72749099639856,-0.22582011404321212
8.731492597038816,-0.2615023815560783
8.735494197679072,-0.32810011768536756
8.739495798319329,-0.29506193379684226
8.743497398959585,-0.11279713714787024
8.74749899959984,-0.24529119401737237
8.751500600240096,-0.21559381089116292
8.755502200880352,-0.13488374926922866
8.759503801520609,-0.13802094101431495
8.763505402160865,-0.3346639552309737
8.767507002801121,-0.287243465291294
8.771508603441378,-0.14798346696071057
8.775510204081632,-0.1674122961479904
8.779511804721889,-0.1986041793675002
8.783513405362145,-0.22527376163871068
8.787515006002401,-0.284465457597499
8.791516606642658,-0.2074983110438477
8.795518207282914,-0.16314773835325633
8.79951980792317,-0.2660254373255684
8.803521408563427,-0.19954620410625082
8.807523009203681,-0.17765545027934582
8.811524609843937,-0.19637860848520183
8.815526210484194,-0.37800047170801243
8.81952781112445,-0.247917555954414
8.823529411764707,-0.1425944120281139
8.827531012404963,-0.22233898778784095
8.83153261304522,-0.24011966691297898
8.835534213685474,-0.19357191594620712
8.83953581432573,-0.23530781214967578
8.843537414965986,-0.2817961114874388
8.847539015606243,-0.31114405480391993
8.8515406162465,-0.2659439131151965
8.855542216886755,-0.2691346440907819
8.859543817527012,-0.2622939369224484
8.863545418167266,-0.27731054642428904
8.867547018807523,-0.23258152024322046
8.871548619447779,-0.2513445380762383
8.875550220088035,-0.26522488757287127
8.879551820728292,-0.21625966719932022
8.883553421368548,-0.29869790304076316
8.887555022008804,-0.18967755937286668
8.89155662264906,-0.15694522048522044
8.895558223289315,-0.24876435942723038
8.899559823929572,-0.33445486743594466
8.903561424569828,-0.2089269625217843
8.907563025210084,-0.24018972890266949
8.91156462585034,-0.21078060257798334
8.915566226490597,-0.29209816190665044
8.919567827130853,-0.24146677763324845
8.923569427771108,-0.17265799835188855
8.927571028411364,-0.22649218175430302
8.93157262905162,-0.3838330719398609
8.935574229691877,-0.26863949198804643
8.939575830332133,-0.19769865551482046
8.94357743097239,-0.28791233224081914
8.947579031612646,-0.3239756262144453
8.951580632252902,-0.21968175344934937
8.955582232893157,-0.19958622617535807
8.959583833533413,-0.23690673916843855
8.96358543417367,-0.27728915097615864
8.967587034813926,-0.4468299886410898
8.971588635454182,-0.2863195305594534
8.975590236094439,-0.24210914983402387
8.979591836734695,-0.340746765227289
8.98359343737495,-0.3490773624218199
8.987595038015206,-0.18794237833596233
8.991596638655462,-0.256406857856025
8.995598239295719,-0.3259102097684502
8.999599839935975,-0.27142457544872806
9.003601440576231,-0.21407966116559857
9.007603041216488,-0.18094985801700728
9.011604641856744,-0.22346181814527122
9.015606242496998,-0.2882725588351557
9.019607843137255,-0.18048293733012152
9.023609443777511,-0.19811519196436445
9.027611044417768,-0.33023670000163635
9.031612645058024,-0.3010357621984312
9.03561424569828,-0.30143176253940807
9.039615846338537,-0.2411367919352952
9.043617446978791,-0.2885296867936231
9.047619047619047,-0.30332376618506107
9.051620648259304,-0.27687209051246847
9.05562224889956,-0.21417867394213258
9.059623849539816,-0.2183261860148823
9.063625450180073,-0.30379873305704097
9.06762705082033,-0.341301229367832
9.071628651460584,-0.23853904190426325
9.07563025210084,-0.312229616963398
9.079631852741096,-0.32741143715608173
9.083633453381353,-0.41853654906499005
9.087635054021609,-0.2991749703011687
9.091636654661865,-0.22980592900656063
9.095638255302122,-0.27669500524764906
9.099639855942378,-0.4045079426097523
9.103641456582633,-0.2771523172457421
9.107643057222889,-0.2320293343196427
9.111644657863145,-0.2795603672876178
9.115646258503402,-0.29768961599554133
9.119647859143658,-0.33948027464636266
9.123649459783914,-0.24846971731661197
9.12765106042417,-0.16439698361876365
9.131652661064425,-0.3281330691312163
9.135654261704682,-0.09406824924003722
9.139655862344938,0.026725678567184656
9.143657462985194,0.3198763995764629
9.14765906362545,0.6110395605142375
9.151660664265707,0.7948066933651959
9.155662264905963,0.9757520607740868
9.15966386554622,0.7056249058726893
9.163665466186474,0.5931430238201089
9.16766706682673,0.1856741602969361
9.171668667466987,0.002081795921312815
9.175670268107243,-0.2575548355960669
9.1796718687475,-0.4232715759355248
9.183673469387756,-0.5302434281802065
9.187675070028012,-0.48444284673702004
9.191676670668267,-0.5489852681433929
9.195678271308523,-0.6146464964114932
9.19967987194878,-0.6601298879976274
9.203681472589036,-0.6165945948791157
9.207683073229292,-0.5521738201653276
9.211684673869549,-0.6834951873030615
9.215686274509805,-0.5723974266238194
9.219687875150061,-0.498559329764891
9.223689475790316,-0.39788372148253814
9.227691076430572,-0.4554673338593817
9.231692677070829,-0.4808553694271236
9.235694277711085,-0.4249549316173248
9.239695878351341,-0.2534476400178843
9.243697478991598,-0.3640254886642874
9.247699079631854,-0.4166636906619358
9.251700680272108,-0.34079272577457065
9.255702280912365,-0.3442019722465644
9.259703881552621,-0.22043910383716134
9.263705482192877,-0.3275810946257725
9.267707082833134,-0.39396037669419814
9.27170868347339,-0.2243480927643115
9.275710284113647,-0.2310574748163388
9.279711884753901,-0.23100568463243462
9.283713485394157,-0.3135367554262696
9.287715086034414,-0.09895379078484479
9.29171668667467,-0.14815393807625005
9.295718287314926,-0.14842386248903144
9.299719887955183,-0.2297743644364626
9.30372148859544,-0.2199914258225834
9.307723089235695,-0.04328048880982577
9.31172468987595,-0.09962776962991303
9.315726290516206,-0.1750131833017065
9.319727891156463,-0.05845011106232453
9.323729491796719,-0.011919747026394568
9.327731092436975,0.004955511506926625
9.331732693077232,0.005534630943119047
9.335734293717488,-0.007332124658028506
9.339735894357743,0.04533190316817108
9.343737494997999,0.04927893545910894
9.347739095638255,-0.016472344671768384
9.351740696278512,-0.013069764162406728
9.355742296918768,0.042923938430120684
9.359743897559024,0.050956042537458404
9.36374549819928,-0.08527199487298033
9.367747098839537,-0.11382180614528814
9.371748699479792,0.018592995062524327
9.375750300120048,-0.06847813533335033
9.379751900760304,-0.09453872997384813
9.38375350140056,-0.16787614819706212
9.387755102040817,-0.03536632614881007
9.391756702681073,-0.102373816046651
9.39575830332133,-0.1005948716746392
9.399759903961584,-0.12854936283011073
9.40376150460184,-0.10721896368239034
9.407763105242097,-0.06164153729846002
9.411764705882353,-0.18589543970471792
9.41576630652261,-0.1861263379152608
9.419767907162866,-0.18840229195143948
9.423769507803122,-0.13072314521472894
9.427771108443377,-0.1386109041593023
9.431772709083633,-0.15112360515776102
9.43577430972389,-0.23391828445667728
9.439775910364146,-0.13340004348706647
9.443777511004402,-0.18840384720797002
9.447779111644659,-0.34997087577488395
9.451780712284915,-0.20943305891220335
9.455782312925171,-0.13375769571115606
9.459783913565426,-0.20391657152470483
9.463785514205682,-0.24426070966247113
9.467787114845938,-0.3214084811659567
9.471788715486195,-0.13258487706940164
9.475790316126451,-0.30880026183321885
9.479791916766708,-0.2420837884106716
9.483793517406964,-0.25087938519786845
9.487795118047218,-0.24640866126070918
9.491796718687475,-0.24879440824303453
9.495798319327731,-0.2344427387011808
9.499799919967987,-0.233509006079121
9.503801520608244,-0.2591702520981927
9.5078031212485,-0.3002543953400643
9.511804721888756,-0.19771292204002222
9.515806322529013,-0.2637932108875771
9.519807923169267,-0.28443459906528734
9.523809523809524,-0.23485216980569262
9.52781112444978,-0.22002597720123812
9.531812725090036,-0.18604705548437284
9.535814325730293,-0.24542450856713136
9.539815926370549,-0.22964944208888458
9.543817527010805,-0.17305968687367584
9.54781912765106,-0.29631309924424587
9.551820728291316,-0.297821757815999
9.555822328931573,-0.20034997860812276
9.559823929571829,-0.23733261386757465
9.563825530212085,-0.16240549658863307
9.567827130852342,-0.26340309729510264
9.571828731492598,-0.21498661411012637
9.575830332132854,-0.23434234804686221
9.579831932773109,-0.1635736956484289
9.583833533413365,-0.2140420638487028
9.587835134053622,-0.22530093152905686
9.591836734693878,-0.19181691726985625
9.595838335334134,-0.2431907906009576
9.59983993597439,-0.25417237090694517
9.603841536614647,-0.2651751128648191
9.607843137254902,-0.22188333009669178
9.611844737895158,-0.2759414822719398
9.615846338535414,-0.25905711352366667
9.61984793917567,-0.19811263549422786
9.623849539815927,-0.11727450573469034
9.627851140456183,-0.19422871772590672
9.63185274109644,-0.16176152725982829
9.635854341736694,-0.2586464518723824
9.63985594237695,-0.1805347488024694
9.643857543017207,-0.19760362054169073
9.647859143657463,-0.27644413126013456
9.65186074429772,-0.2096366189379843
9.655862344937976,-0.09707721160115887
9.659863945578232,-0.14671716362203335
9.663865546218489,-0.1221975903119229
9.667867146858743,-0.2165008169166941
9.671868747499,-0.014632008469684914
9.675870348139256,-0.1059940231962313
9.679871948779512,-0.14603848943232653
9.683873549419769,-0.21480015683452527
9.687875150060025,-0.12289659988358534
9.691876750700281,-0.11587939577482492
9.695878351340536,-0.17175534255471558
9.699879951980792,-0.20793074942194778
9.703881552621048,-0.06416443441351494
9.707883153261305,-0.0939220075367045
9.711884753901561,-0.1988307083611684
9.715886354541817,-0.1445181492006252
9.719887955182074,-0.09835932058287294
9.72388955582233,-0.1506772854233491
9.727891156462585,-0.25406389605996843
9.731892757102841,-0.18918893819070431
9.735894357743097,-0.13360667533985454
9.739895958383354,-0.08519674720900233
9.74389755902361,-0.06665211281346159
9.747899159663866,-0.23933205733379936
9.751900760304123,-0.13859011800510923
9.755902360944377,-0.17993825607496558
9.759903961584634,-0.04778525227291313
9.76390556222489,-0.10336628759000895
9.767907162865146,-0.1657474479936384
9.771908763505403,-0.023039733695338762
9.775910364145659,-0.16638629879265496
9.779911964785915,-0.17287238594933088
9.78391356542617,-0.1604052713770684
9.787915166066426,-0.16684309097862776
9.791916766706683,-0.10734186243046502
9.795918367346939,-0.11792558169634766
9.799919967987195,-0.041938948649271994
9.803921568627452,-0.14128304105832667
9.807923169267708,-0.00023112955986639983
9.811924769907964,-0.08896698443520422
9.815926370548219,-0.17054854525216567
9.819927971188475,-0.08958175237525698
9.823929571828732,-0.07737670369980468
9.827931172468988,-0.09005222213539324
9.831932773109244,-0.14575394893124177
9.8359343737495,-0.17812461210025307
9.839935974389757,-0.0294418348857748
9.843937575030012,-0.09766138838683415
9.847939175670268,-0.1425877818807834
9.851940776310524,-0.1134548540711932
9.85594237695078,-0.025497371499130346
9.859943977591037,-0.10901734735489221
9.863945578231293,-0.21850735368537716
9.86794717887155,-0.07404293320280181
9.871948779511806,-0.05579202048197486
9.87595038015206,0.006899846021085572
9.879951980792317,-0.04646374751309799
9.883953581432573,0.01879688163249698
9.88795518207283,0.08483758535240837
9.891956782713086,-0.08006029454533892
9.895958383353342,-0.019124930781978886
9.899959983993599,-0.1093827123924348
9.903961584633853,-0.043202512918084024
9.90796318527411,-0.001296496891866318
9.911964785914366,0.015373039839614102
9.915966386554622,-0.1043620257649446
9.919967987194878,-0.09818085165456225
9.923969587835135,-0.010992312315716353
9.927971188475391,-0.014383447162876952
9.931972789115648,-0.02557821890801608
9.935974389755902,-0.054935859548205165
9.939975990396158,-0.025063599463246856
9.943977591036415,0.01014610725180825
9.947979191676671,0.03673584589754985
9.951980792316927,-0.005284932488257527
9.955982392957184,-0.005868388427779474
9.95998399359744,0.051215442881485225
9.963985594237695,0.04962677907703225
9.967987194877951,0.12368114485416107
9.971988795518207,0.28554400572913596
9.975990396158464,0.6297306376914941
9.97999199679872,0.7790358487790839
9.983993597438976,1.042770876624402
9.987995198079233,1.2383532378983362
9.991996798719487,1.0882498168152512
9.995998399359744,0.7670521520795818
10.0,0.43959637575461363
